chunk_idx,config,n_prompts,clip_ci95,clip_mean,clip_std,flow_err_ci95,flow_err_mean,flow_err_std,lpips_ci95,lpips_mean,lpips_std,musiq_ci95,musiq_mean,musiq_std
0,A1_bf16,10,0.0580958172131276,0.90478515625,0.08892216920376673,0.00821035827213023,0.02805625945329666,0.012566874906321784,0.0,0.0,0.0,4.252392030868857,70.59945030212403,6.508763312554374
1,A1_bf16,10,0.057482357650473874,0.905810546875,0.0879832004854192,0.006812553406447944,0.025134254014119506,0.010427377662930526,0.0,0.0,0.0,4.353533787181819,69.99124946594239,6.663572123237479
2,A1_bf16,10,0.05692802336377083,0.900830078125,0.08713472963842475,0.010292669094365242,0.03230006322264671,0.01575408534851823,0.0,0.0,0.0,4.405650698389205,69.77293853759765,6.743342905697763
3,A1_bf16,10,0.05690502053928067,0.8951171875,0.08709952123359287,0.011073769444970226,0.02930023700464517,0.01694964710964831,0.0,0.0,0.0,4.667740633797756,70.11729888916015,7.1445009700986075
4,A1_bf16,10,0.06531311946333794,0.896044921875,0.09996906040306827,0.012994271698001967,0.028118671011179687,0.01988919137449281,0.0,0.0,0.0,4.6383260572324625,71.03400039672852,7.0994786590292795
5,A1_bf16,10,0.059590633501768006,0.895703125,0.09121015331903266,0.006401926662651679,0.02066112691536546,0.009798867340793388,0.0,0.0,0.0,4.2649382669513995,71.58748321533203,6.527966735129692
6,A1_bf16,10,0.056699522613483225,0.89638671875,0.08678498359206617,0.008230567737495418,0.024251789669506252,0.012597807761472578,0.0,0.0,0.0,3.53325391093007,71.70147323608398,5.408041700403168
7,A1_bf16,10,0.05621366363882564,0.903857421875,0.0860413218961617,0.007802504669282548,0.025020025111734866,0.01194260918767737,0.0,0.0,0.0,3.771059383180992,71.46794738769532,5.772029668134172
8,A1_bf16,10,0.05814159791291801,0.897021484375,0.08899224170344593,0.007709156113232313,0.02221587267704308,0.011799728744743337,0.0,0.0,0.0,4.172586275606663,71.65166320800782,6.386611646336729
9,A1_bf16,10,0.06128939840725702,0.89775390625,0.09381030368457709,0.007005406618993905,0.021720264316536488,0.010722561151521284,0.0,0.0,0.0,3.825745070112684,71.54250946044922,5.855732250172476
10,A1_bf16,10,0.06459264590812533,0.893896484375,0.09886629475733472,0.007319583845308428,0.022620386676862836,0.011203444661186368,0.0,0.0,0.0,3.7462799205790933,71.56043701171875,5.734101919253715
11,A1_bf16,10,0.06116271670595221,0.882666015625,0.09361640312135544,0.005816717783691956,0.02125483127310872,0.008903139464834627,0.0,0.0,0.0,3.7187843117484114,71.9962059020996,5.692016803696548
12,A1_bf16,10,0.06408830347452202,0.880322265625,0.09809434205283983,0.006735270766238593,0.020695018884725868,0.010309087907508053,0.0,0.0,0.0,3.3166239490499243,71.88663291931152,5.07646522813764
13,A1_bf16,10,0.06283728685766356,0.885595703125,0.09617952070050545,0.010765694952834646,0.021677725482732058,0.01647810451964487,0.0,0.0,0.0,4.081887895370366,71.4079605102539,6.2477875949546435
14,A1_bf16,10,0.059381336239032086,0.887109375,0.09088980036586544,0.012842671432135756,0.028103535529226065,0.0196571501512282,0.0,0.0,0.0,3.78032335842101,70.91976623535156,5.786209222072975
15,A1_bf16,10,0.061170029037596454,0.8798828125,0.09362759546570888,0.00599088398952064,0.021726572257466614,0.00916972039212343,0.0,0.0,0.0,3.446252322064686,71.29551048278809,5.274876003160234
16,A1_bf16,10,0.06323604855402941,0.882958984375,0.09678987023575931,0.004856658056517169,0.019955894351005553,0.007433660290587506,0.0,0.0,0.0,3.8866437997105985,71.18602676391602,5.948944591393773
17,A1_bf16,10,0.0649935400890954,0.870654296875,0.09947990829963584,0.006570497606589704,0.021104122092947365,0.010056884091718933,0.0,0.0,0.0,3.6419580689790028,71.68383979797363,5.574425615784189
18,A1_bf16,10,0.06373745098725177,0.87451171875,0.09755732293967108,0.005968465825619528,0.020777493622153996,0.009135406875948255,0.0,0.0,0.0,3.688945403238434,71.49367446899414,5.646345004956787
19,A1_bf16,10,0.07187525570146713,0.866357421875,0.11001314648183746,0.006111851826691882,0.021978941513225436,0.009354875244936556,0.0,0.0,0.0,3.8127707802314306,71.60277671813965,5.835873643211373
20,A1_bf16,10,0.06697387227935606,0.849072265625,0.10251102899901438,0.006311736318529164,0.021026105107739567,0.009660820895707906,0.0,0.0,0.0,4.1971643722755045,70.79047317504883,6.424231182054345
0,A1_ctrl,10,0.06022926804701036,0.9068359375,0.09218765517399546,0.008067592458831698,0.02788126494269818,0.012348355804334233,0.012192185732536765,0.036769429501146075,0.01866150877429097,4.234682665842558,70.88053894042969,6.481657141595752
1,A1_ctrl,10,0.057526176431986445,0.900244140625,0.08805027004895885,0.0068649440444062204,0.024906201288104057,0.010507567414907482,0.014032444625415332,0.05466766618192196,0.021478231569513263,4.065699817292404,69.92277755737305,6.22300992442715
2,A1_ctrl,10,0.05920545426307618,0.907568359375,0.09062059325981049,0.011476508631533131,0.03298110514879227,0.017566084640101735,0.033465668781933314,0.09363829623907804,0.0512229624213265,4.249633277588191,70.29984970092774,6.504540731002334
3,A1_ctrl,10,0.05779289946172881,0.904052734375,0.0884585195842788,0.009438418963003375,0.028152190358377994,0.014446559637250066,0.03772694844454347,0.1069592371582985,0.057745329251852245,4.595566592602268,70.5354606628418,7.034030498881023
4,A1_ctrl,10,0.06773339419086856,0.896728515625,0.10367356253704371,0.01248607830292383,0.027979356586001813,0.019111344341209945,0.05001617708746107,0.12710050195455552,0.07655537309305267,3.9112386721782735,70.987064743042,5.986589804354502
5,A1_ctrl,10,0.06322510416553505,0.901220703125,0.0967731186207169,0.007347571336679461,0.020958760497160257,0.01124628265818285,0.06191550672405139,0.1440700978040695,0.094768632740895,4.0165887635631226,71.2647590637207,6.147839944229269
6,A1_ctrl,10,0.06035138349839172,0.906005859375,0.09237456657917101,0.006696925347417553,0.02243609633296728,0.010250395939924828,0.06808559372484364,0.1585630688816309,0.10421264345639333,3.231079131524735,71.73022346496582,4.945529282946023
7,A1_ctrl,10,0.05604601760103035,0.90048828125,0.0857847208179036,0.0073693640129972385,0.02407406782731414,0.011279638795403937,0.06574948716478053,0.164422426559031,0.1006369701501743,3.9172614305614495,71.62704772949219,5.9958083120838515
8,A1_ctrl,10,0.05677382595935541,0.892724609375,0.08689871320309502,0.00590033855861426,0.022366844560019673,0.009031130446858562,0.06294006323773076,0.17641437314450742,0.0963368314863226,4.15281720904665,71.50718460083007,6.356352870989771
9,A1_ctrl,10,0.05862467194776969,0.8998046875,0.08973164073638219,0.009606761984399716,0.023806703137233855,0.014704227527142422,0.07342545496018961,0.18288913704454898,0.11238590044926983,3.931001622508036,71.59716796875,6.016839218124544
10,A1_ctrl,10,0.0576265718177216,0.904443359375,0.08820393645569634,0.00860661896057386,0.02322887445334345,0.013173396368225296,0.07228618395261775,0.20841467343270778,0.1106421182948231,3.525306930875662,71.92867927551269,5.395877955421932
11,A1_ctrl,10,0.058102482128104906,0.896826171875,0.08893237060424221,0.008871568964595749,0.02379101808182895,0.013578932088666965,0.07410533439404599,0.21896998919546604,0.11342653223578468,3.4188935903782944,71.7148551940918,5.233000393436165
12,A1_ctrl,10,0.05380505760713885,0.88818359375,0.08235468001092681,0.011327917903924093,0.02409153915941715,0.017338649852945042,0.07491978698633985,0.2202468713745475,0.11467314334643854,3.2606826815082726,72.1280403137207,4.990840839043274
13,A1_ctrl,10,0.05727639919973148,0.88740234375,0.08766795795877268,0.010643658323312788,0.023617289820685984,0.016291313760172635,0.06852834263369047,0.224688109010458,0.1048903203576895,3.5907526260205556,71.7669132232666,5.496049937786565
14,A1_ctrl,10,0.05466449906928712,0.89140625,0.08367015163666398,0.010296977636719837,0.025369864189997315,0.015760680056203832,0.06423136305810004,0.22017851918935777,0.09831331080321434,3.4605203066424246,71.8734977722168,5.296714755064936
15,A1_ctrl,10,0.059784365001915994,0.869580078125,0.09150668112538163,0.00519135327539442,0.02054628641344607,0.007945948890909826,0.06505631624652353,0.22422729656100274,0.09957599425488295,3.7178180378868433,71.4207977294922,5.690537813092107
16,A1_ctrl,10,0.05339452990050985,0.8765625,0.08172632127629059,0.004104737516876245,0.018682699743658306,0.006282761505422824,0.0739928366489606,0.23955124095082284,0.11325434180963358,3.593767410611348,71.51379089355468,5.500664403996962
17,A1_ctrl,10,0.04982245207164587,0.876123046875,0.07625885521170288,0.0034185407662235263,0.018048920715227724,0.005232460356464581,0.0751330924430169,0.2522636912763119,0.11499963129033199,3.8920697161181543,71.23157348632813,5.957249565486972
18,A1_ctrl,10,0.04805571900170277,0.8759765625,0.0735546719413818,0.004585835147842387,0.018757278728298844,0.007019135430371,0.07420424297926098,0.25582947842776776,0.11357792292744029,3.703207734035699,71.31582183837891,5.668175103115867
19,A1_ctrl,10,0.06040006282612253,0.867041015625,0.0924490757542692,0.00782120133955421,0.023738404363393785,0.011971226540133996,0.07905187689906748,0.26471062637865544,0.12099777076387881,3.8484465682480993,71.08341674804687,5.890479441196072
20,A1_ctrl,10,0.059069023494185746,0.871826171875,0.09041177065436594,0.0038349956589430636,0.019671839475631715,0.0058698913147087715,0.07393039374037924,0.2631958693265915,0.1131587659291519,3.883157082679658,71.03943519592285,5.943607779611722
0,A1_int4,10,0.05906756765971514,0.90517578125,0.09040954233629869,0.008252717785211264,0.027890202205162494,0.012631710895731526,0.003595021994828983,0.012975804880261422,0.00550258468596273,4.243840158761884,70.64398727416992,6.495673712390639
1,A1_int4,10,0.06141083095159864,0.907470703125,0.09399616982387547,0.0067813522786476475,0.025570300151593985,0.010379620834664769,0.006941680517702764,0.03253681706264615,0.010625021200565457,4.231554827455897,69.58202514648437,6.4768696338610665
2,A1_int4,10,0.06150865811583205,0.900537109375,0.0941459052793348,0.011311503650417002,0.033877208130434155,0.01731352599553623,0.020834416028935966,0.05475074704736471,0.03188941228918771,4.7062182837396636,69.44872589111328,7.203395332254588
3,A1_int4,10,0.060091808523792624,0.89326171875,0.09197725794458056,0.010992740733524253,0.029970866814255714,0.016825623571720797,0.03656675954957853,0.08423123247921467,0.055969529922824286,5.331194987284699,69.54988403320313,8.159992327476582
4,A1_int4,10,0.06470994002228077,0.89482421875,0.09904582656471547,0.014605159141522092,0.030626086704432964,0.02235483542069708,0.04013183233161079,0.10917060151696205,0.061426273976955284,5.917728346663608,69.70252914428711,9.057747469383076
5,A1_int4,10,0.06251142407256949,0.89970703125,0.09568075113148392,0.006536184029188406,0.02280273938085884,0.010004363309982256,0.05590267593474189,0.14386949464678764,0.0855653203082784,3.6865763295985974,71.03989334106446,5.642718871834589
6,A1_int4,10,0.05873192303537916,0.89033203125,0.08989580056435587,0.0070211661306595705,0.024069412192329765,0.010746682853050365,0.06384391268116783,0.17661165371537207,0.09772027451199158,4.065623611565061,70.64952392578125,6.222893283007748
7,A1_int4,10,0.06592685046903,0.89248046875,0.10090844459545409,0.006441901869742365,0.025278361374512316,0.009860053882258722,0.06651955162227532,0.21771451830863953,0.10181564023817653,4.570528622975091,69.51688919067382,6.995707075982283
8,A1_int4,10,0.06209925960932781,0.89443359375,0.0950498871571344,0.00567913831993113,0.022898213984444738,0.00869255865295581,0.07051646000795408,0.24863147586584092,0.10793335715503177,4.429664815591325,69.02811050415039,6.780099207537742
9,A1_int4,10,0.06579926052805264,0.893896484375,0.10071315386946834,0.006558866223446058,0.02388501896057278,0.01003908095425417,0.0709282293533104,0.2754109099507332,0.10856361635710775,6.171730197423831,67.55226669311523,9.446525812383417
10,A1_int4,10,0.07259000543293308,0.885546875,0.11110715117285676,0.010386765053238902,0.027087274426594376,0.015898109775365665,0.08035011402384223,0.30753614455461503,0.12298486840384017,7.50524998353368,66.2088836669922,11.487627525816858
11,A1_int4,10,0.06202731602363022,0.895166015625,0.09493976942392383,0.007467388281903537,0.027621259493753315,0.011429675941689088,0.07487502035454136,0.32606621235609057,0.11460462299164494,7.464239869904541,65.89204635620118,11.424856943731442
12,A1_int4,10,0.07414137009251962,0.90751953125,0.11348168891712188,0.006232584114890227,0.02431769073009491,0.009539669563607491,0.07401994375117489,0.3339237719774246,0.11329583227220648,7.101153327729937,65.91629791259766,10.869112236321332
13,A1_int4,10,0.07122853982029799,0.907568359375,0.10902327523514999,0.0085467201022138,0.02572815902531147,0.013081714442163982,0.06929655905575124,0.3474347710609436,0.1060661618200274,6.874591718667971,65.5119842529297,10.522334263267306
14,A1_int4,10,0.06951166705750415,0.912353515625,0.10639540876148595,0.006538386149446429,0.026172365853562952,0.010007733902213923,0.06739528594188997,0.3550401642918587,0.10315604991105608,7.783489584315924,65.0641372680664,11.91350446578968
15,A1_int4,10,0.06654086252903849,0.89306640625,0.1018482589730181,0.005691461042160977,0.025738312397152185,0.008711419962491291,0.06445022694991444,0.3696883052587509,0.0986483065559915,7.089403848921586,64.04613647460937,10.851128340186103
16,A1_int4,10,0.055384985933033336,0.8990234375,0.08477293765260205,0.005340255485852878,0.024867587070912123,0.008173860437529917,0.06419774265016384,0.4030103713274002,0.09826185099514877,7.353479430191702,63.56532096862793,11.255325658456686
17,A1_int4,10,0.06984120194890767,0.897412109375,0.10689979890138929,0.006602692951542572,0.02729796227067709,0.010106162680932508,0.0653052550927624,0.4247958540916443,0.09995702310116696,7.336628124595319,62.864397811889646,11.229532843768347
18,A1_int4,10,0.07065717782486436,0.889306640625,0.10814874156866996,0.005352750550981553,0.02721110824495554,0.008192985537216665,0.06722550325800566,0.4544002592563629,0.10289617845613111,7.737841582088991,61.56597003936768,11.843635074626008
19,A1_int4,10,0.07103244566975149,0.854931640625,0.10872313112717066,0.004373377518610303,0.02650378751568496,0.006693945181546384,0.052918161052141775,0.476078525185585,0.08099718528389048,6.739990579577345,61.3729663848877,10.316312111597977
20,A1_int4,10,0.0773754093650297,0.81806640625,0.11843174902810667,0.005699642197296351,0.026788697903975846,0.008723942138718906,0.052507489838935016,0.48507059216499326,0.08036860689632912,6.4922462001457815,59.67187271118164,9.93711153083538
0,A1_int2,10,0.0594795242681849,0.90009765625,0.09104008816558913,0.00823762455019115,0.02797043912578374,0.012608609005394619,0.003772539729618558,0.01467744461260736,0.005774295504518202,4.039489802939663,70.57880325317383,6.182892555519892
1,A1_int2,10,0.05395322557622802,0.895458984375,0.08258146771871636,0.007911331501428415,0.03401770857162774,0.012109180869533288,0.04990797780550821,0.2308761805295944,0.07638976194720644,7.544477166759964,64.16338310241699,11.547669132795864
2,A1_int2,10,0.06282659696900561,0.858251953125,0.09616315862602899,0.008510283396836998,0.03532935329712927,0.013025943974750508,0.06707002765509032,0.34309055656194687,0.10265820559452603,7.289748750786916,62.068716049194336,11.157778700184055
3,A1_int2,10,0.06641503446353106,0.876123046875,0.10165566499520062,0.00812342030333301,0.035845027398318054,0.012433806586734202,0.06550650450982465,0.4127490550279617,0.10026505792320099,7.159542016445194,59.46840858459473,10.958482678232441
4,A1_int2,10,0.06538942424685015,0.873583984375,0.10008585343905635,0.009359299798785168,0.035900248866528275,0.014325458875691586,0.06799718890165322,0.4544090509414673,0.10407732995151005,6.39355025773064,58.48136596679687,9.78604631285302
5,A1_int2,10,0.07608588370052437,0.871142578125,0.11645798525590463,0.007381618788098342,0.033486394304782154,0.011298396104232156,0.06203964287741471,0.47757594883441923,0.09495863705726743,6.35878874093432,55.79638748168945,9.732839909593347
6,A1_int2,10,0.06472519316323781,0.83671875,0.09906917320903745,0.008141228798110018,0.03355152728036046,0.01246106448690309,0.054450595449300886,0.49107007682323456,0.08334274813668503,6.366690137571376,55.045075225830075,9.744933884037819
7,A1_int2,10,0.05980093406251115,0.82822265625,0.09153204193241503,0.010393016387322483,0.04614986693486571,0.015907678143860945,0.051171727056008906,0.5193683952093124,0.07832407202450344,5.924199300209216,52.476440811157225,9.067651990116149
8,A1_int2,10,0.06705416837639437,0.74873046875,0.10263393118835874,0.011097598856819584,0.045722965709865095,0.016986120699213653,0.04625777759543914,0.5347485363483429,0.07080272080934565,6.258370736300038,47.685037994384764,9.579138882091895
9,A1_int2,10,0.042291938973788835,0.723974609375,0.06473255965375842,0.012224836007067636,0.05153576796874404,0.018711483684287197,0.03949929089113637,0.5578736811876297,0.060458098302759763,4.253107368258986,45.96365242004394,6.509858216722939
10,A1_int2,10,0.0676744415157444,0.698388671875,0.10358332885062918,0.013083720892980074,0.04660930270329118,0.020026103407622564,0.034168744317320636,0.5771432876586914,0.05229909844487852,4.572813986885549,40.51475429534912,6.999205081967678
11,A1_int2,10,0.06884259574339241,0.6609375,0.10537132001539655,0.01403927840670563,0.05396407041698694,0.02148869143883515,0.029774663511586835,0.5937467753887177,0.045573464558551276,4.385539723839706,36.650173377990725,6.712560801795468
12,A1_int2,10,0.06045751562777088,0.653515625,0.09253701371597585,0.01402204929459218,0.052686551678925754,0.021462320348865582,0.02821660111732206,0.614588463306427,0.04318867517957459,4.163553976784388,33.73081398010254,6.372786699159778
13,A1_int2,10,0.056604207281875686,0.6251953125,0.08663909277838115,0.016636007827624984,0.061275034211575985,0.0254632772871811,0.023080593220275118,0.6379158318042755,0.03532743860246192,3.804100525950484,31.038375282287596,5.822602845842578
14,A1_int2,10,0.06219489335541797,0.6187744140625,0.09519626533992546,0.01609500475076253,0.06390820434316993,0.024635211353207963,0.020817675314584047,0.6542899370193481,0.03186378874681232,3.8520225830263537,27.963717651367187,5.895952933203603
15,A1_int2,10,0.04464031889030194,0.596435546875,0.06832701870964583,0.018470213164160632,0.06812863657251,0.028270734434939746,0.015361686990829062,0.6761569559574128,0.023512786210452646,3.4443718949217588,26.365330505371094,5.271997798349631
16,A1_int2,10,0.052385512465114234,0.5865234375,0.08018190683435852,0.015354871252940083,0.07103619230911136,0.02350235395858176,0.016926300155011568,0.694877815246582,0.025907602278078933,3.974073445270706,25.263916015625,6.082765477455162
17,A1_int2,10,0.05633604734605771,0.57548828125,0.08622864389702713,0.01739167379766269,0.07117707468569279,0.026619908873973506,0.01253535328832384,0.7063420712947845,0.01918676523723037,4.767160955300432,24.8000789642334,7.296674931582295
18,A1_int2,10,0.05146966153034884,0.5622314453125,0.07878009417910538,0.014434422749489645,0.07740684673190117,0.022093504208402517,0.014323798677340967,0.7269146382808686,0.02192418164899128,4.630038664192385,24.087109565734863,7.086793873763856
19,A1_int2,10,0.05135236430690402,0.577978515625,0.07860055761260819,0.0173944989352055,0.07739116586744785,0.026624233064090053,0.012829966134880664,0.7386857867240906,0.019637703267674486,3.2931634648141386,21.334632015228273,5.04055632369511
20,A1_int2,10,0.05478241153580205,0.560546875,0.08385062990173785,0.01518389161289059,0.08527848068624735,0.023240650427893764,0.013999147008844883,0.7577561974525452,0.02142726582986462,2.324410316228202,18.011497592926027,3.5577708921860243
0,A2_bf16,10,0.0580958172131276,0.90478515625,0.08892216920376673,0.00821035827213023,0.02805625945329666,0.012566874906321784,0.0,0.0,0.0,4.252392030868857,70.59945030212403,6.508763312554374
1,A2_bf16,10,0.057482357650473874,0.905810546875,0.0879832004854192,0.006812553406447944,0.025134254014119506,0.010427377662930526,0.0,0.0,0.0,4.353533787181819,69.99124946594239,6.663572123237479
2,A2_bf16,10,0.05692802336377083,0.900830078125,0.08713472963842475,0.010292669094365242,0.03230006322264671,0.01575408534851823,0.0,0.0,0.0,4.405650698389205,69.77293853759765,6.743342905697763
3,A2_bf16,10,0.05690502053928067,0.8951171875,0.08709952123359287,0.011073769444970226,0.02930023700464517,0.01694964710964831,0.0,0.0,0.0,4.667740633797756,70.11729888916015,7.1445009700986075
4,A2_bf16,10,0.06575395163042091,0.89765625,0.10064380351595038,0.012998301288121789,0.02816299507394433,0.019895359114472124,0.002589859789423457,0.0032995115034282207,0.003964071106260393,4.630749998497524,70.85298728942871,7.087882650761515
5,A2_bf16,10,0.06325518863322219,0.89013671875,0.0968191662753401,0.006388497196152911,0.020669234986416995,0.009778312034927926,0.0038509182700081426,0.01035723511595279,0.005894262658175729,4.194897710382475,71.70757255554199,6.4207618016058285
6,A2_bf16,10,0.05696586437430468,0.89384765625,0.08719264955250716,0.00813913063654101,0.024300420400686563,0.012457853015113792,0.0037881714245475706,0.011836409079842269,0.005798221568185057,3.6545000135966217,71.6718677520752,5.5936224697907475
7,A2_bf16,10,0.05538841268822987,0.898486328125,0.08477818268606613,0.005853229419957811,0.02046960825100541,0.008959024622384406,0.026138043705308464,0.07933928146958351,0.04000720975302316,3.7777028437207596,71.72506256103516,5.782198230184837
8,A2_bf16,10,0.06377353348862952,0.890771484375,0.09761255125810643,0.007529257297241929,0.02362538008019328,0.01152437341414581,0.05947303816098904,0.15746763087809085,0.09103016045049345,3.8345590919593655,71.8801170349121,5.8692230999378046
9,A2_bf16,10,0.06284485776196691,0.88564453125,0.09619110881933712,0.006455495408694028,0.02390885918866843,0.009880860319429636,0.07865227476477424,0.19148238077759744,0.12038613484404222,3.4221651583769552,71.70610885620117,5.238007895474932
10,A2_bf16,10,0.0668154656933865,0.88603515625,0.10226856993885691,0.011240456537297168,0.030947329476475716,0.01720478041423036,0.09875963870774493,0.2555461902171373,0.15116271230777287,3.895054745513129,71.4089542388916,5.9618184880303
11,A2_bf16,10,0.06598551374781635,0.8837890625,0.10099823532829032,0.010459832686471026,0.02858810909092426,0.01600994798949647,0.10766650215368441,0.2854362316429615,0.1647956665617619,3.4873675914910254,72.06270065307618,5.3378075379964685
12,A2_bf16,10,0.06223239149863303,0.890283203125,0.09525366045709138,0.010303544025250815,0.027441593073308467,0.015770730650894103,0.10829992143134633,0.3096419140696526,0.1657651858643056,3.3946345918270926,72.25833511352539,5.195869273204734
13,A2_bf16,10,0.06241660344486065,0.88603515625,0.09553561751764385,0.010998642219146315,0.027076753415167333,0.016834656457877017,0.09679728306415716,0.3164647176861763,0.14815910673085284,3.6163406092340606,71.94016647338867,5.535215218215399
14,A2_bf16,10,0.06256444946666317,0.875634765625,0.09576191244897425,0.022471989094192093,0.03827959727495909,0.03439590167478382,0.0822412928785305,0.2998222649097443,0.12587952991611812,3.7127242860097134,70.98441162109376,5.682741254096499
15,A2_bf16,10,0.05858362914978846,0.876904296875,0.08966882012722724,0.014943975362808122,0.0307394455652684,0.02287343167776754,0.08615188383805544,0.3246333755552769,0.13186512832355426,4.0373367612334405,71.25690002441407,6.179597083520574
16,A2_bf16,10,0.055544294203096145,0.881494140625,0.08501677684147371,0.014630254675926095,0.028844618890434503,0.022393246952948108,0.09280421845254652,0.34748360961675645,0.14204727314165286,4.066398754678464,71.11965789794922,6.22407972654867
17,A2_bf16,10,0.05686315711201654,0.8853515625,0.08703544455920899,0.005765666882121848,0.023706954531371595,0.008825000329778338,0.08667808454507744,0.35541487485170364,0.13267053756899608,3.660270096775003,71.48065643310547,5.602454229757657
18,A2_bf16,10,0.0538896885728437,0.87783203125,0.08248421720333221,0.006276951792650521,0.024870785418897867,0.009607579274465082,0.08046660121222653,0.37425096780061723,0.1231631651207549,3.552855590760229,71.82084045410156,5.43804427157178
19,A2_bf16,10,0.048453681370449725,0.88525390625,0.07416379801599447,0.019679925181655705,0.032391292555257675,0.030122334461717918,0.08001459516844488,0.40362546443939207,0.12247131913537482,3.9571399457558294,71.21900901794433,6.056846855748719
20,A2_bf16,10,0.049953293025113664,0.883349609375,0.0764591219772148,0.012805152195730637,0.0315846926998347,0.019599722748567302,0.07219080388248837,0.40752401053905485,0.11049612839156384,3.8770940968307204,71.13956298828126,5.934327699230694
0,A2_ctrl,10,0.06022926804701036,0.9068359375,0.09218765517399546,0.008067592458831698,0.02788126494269818,0.012348355804334233,0.012192185732536765,0.036769429501146075,0.01866150877429097,4.234682665842558,70.88053894042969,6.481657141595752
1,A2_ctrl,10,0.057526176431986445,0.900244140625,0.08805027004895885,0.0068649440444062204,0.024906201288104057,0.010507567414907482,0.014032444625415332,0.05466766618192196,0.021478231569513263,4.065699817292404,69.92277755737305,6.22300992442715
2,A2_ctrl,10,0.05920545426307618,0.907568359375,0.09062059325981049,0.011476508631533131,0.03298110514879227,0.017566084640101735,0.033465668781933314,0.09363829623907804,0.0512229624213265,4.249633277588191,70.29984970092774,6.504540731002334
3,A2_ctrl,10,0.05779289946172881,0.904052734375,0.0884585195842788,0.009438418963003375,0.028152190358377994,0.014446559637250066,0.03772694844454347,0.1069592371582985,0.057745329251852245,4.595566592602268,70.5354606628418,7.034030498881023
4,A2_ctrl,10,0.06665467496468566,0.8970703125,0.10202246168064134,0.012590922002070364,0.028099876479245722,0.01927181939092403,0.04996711687518744,0.12713048774749042,0.07648028093140934,3.778900319490071,70.99431838989258,5.784031101260313
5,A2_ctrl,10,0.06017946975322839,0.90107421875,0.09211143329575774,0.0073184150651977465,0.021020562597550453,0.011201655712037366,0.061645133540292316,0.1439909877255559,0.09435479623514131,4.00309428875447,71.31845054626464,6.127185135848679
6,A2_ctrl,10,0.05958777290290459,0.908740234375,0.09120577485138458,0.006732939155182279,0.02256620747502893,0.010305519115074917,0.06820556385228545,0.1584957741200924,0.10439627120247773,3.506936001085811,71.54606094360352,5.367759185335426
7,A2_ctrl,10,0.06203734803652688,0.901171875,0.0949551245457044,0.00831423999266972,0.022522826679050922,0.012725877539800593,0.058991089048704565,0.18881321400403978,0.09029248323781312,4.226803729499339,71.34724922180176,6.46959754515205
8,A2_ctrl,10,0.06281797084653869,0.89931640625,0.09614995537735513,0.011351749847856928,0.0262030933983624,0.017375127318148362,0.062021070575915514,0.21285025142133235,0.09493021006517682,4.061164656499138,71.74977951049804,6.216068351784395
9,A2_ctrl,10,0.06539822471145647,0.89453125,0.10009932353794358,0.012544515624722532,0.02652713966090232,0.019200789221514077,0.08060136428300774,0.24223009161651135,0.12336943512705266,3.6665036240595654,71.81497116088867,5.611995342948315
10,A2_ctrl,10,0.05926678685754317,0.884130859375,0.09071446967991303,0.012573483841665229,0.030743971839547156,0.019245128329079434,0.09166513626126198,0.29016145020723344,0.14030377999172752,2.885906198159429,72.08805618286132,4.4172033645297395
11,A2_ctrl,10,0.062150639002802086,0.891650390625,0.09512852908592156,0.0092254612006336,0.028578818403184415,0.014120603878520818,0.1005040661379999,0.31721935160458087,0.153832754292857,3.959307690161139,71.02811660766602,6.060164831879294
12,A2_ctrl,10,0.05804478469217954,0.879296875,0.08884405820231563,0.015068542280086864,0.029730599839240313,0.023064095326663567,0.09882111843841541,0.33488858193159105,0.15125681393635015,3.197128933715543,72.23336143493653,4.893564694462566
13,A2_ctrl,10,0.05819998623912251,0.8767578125,0.08908161159049365,0.012236469988375107,0.028532134694978596,0.018729290798533332,0.09323077073826651,0.33143980577588084,0.14270015929326507,3.7079505201663836,71.8838119506836,5.675434469642425
14,A2_ctrl,10,0.056429543314622264,0.8923828125,0.08637174997136063,0.016872483877856944,0.03483939953148365,0.025825230425291244,0.08498975776106606,0.3149562686681747,0.13008636391999906,2.839568252195283,71.81592102050782,4.346277937033597
15,A2_ctrl,10,0.056819874789237154,0.893701171875,0.08696919610597524,0.008236988092803377,0.026155165769159792,0.012607634835923536,0.07694135873220848,0.3412630885839462,0.11776738581460483,2.6669336614630885,72.44780654907227,4.082041318565952
16,A2_ctrl,10,0.04986915479766314,0.884375,0.07633033897601503,0.007660321509232465,0.024657198833301662,0.011724981901886426,0.08240815984879658,0.35012741237878797,0.12613493854407642,2.9271468783678762,72.02553482055664,4.480326854644709
17,A2_ctrl,10,0.05544673607158396,0.883642578125,0.08486745317079177,0.006686668520571817,0.025779491895809768,0.010234696715160944,0.07714756701434834,0.3610243424773216,0.11808301073624747,3.121728870308408,72.28254051208496,4.778156434145522
18,A2_ctrl,10,0.05287611850510422,0.880712890625,0.08093283444658811,0.007908183261606127,0.026351523073390126,0.01210436213511142,0.06798909754307904,0.3707887575030327,0.10406494521899853,3.7390179610880394,72.31349143981933,5.722986675134755
19,A2_ctrl,10,0.048272337491512995,0.8767578125,0.07388623085435662,0.00782789963382735,0.0268994415178895,0.011981479031368392,0.06347969554048069,0.39182493686676023,0.09716279929665414,3.5063788131642526,71.59148941040038,5.366906346679979
20,A2_ctrl,10,0.04714323158069587,0.887841796875,0.07215800752147328,0.008636119649296841,0.02820095610804856,0.013218550483617617,0.06226418461067466,0.4036765545606613,0.09530232338368569,3.2940578972098686,72.09004745483398,5.041925352872248
0,A2_int4,10,0.05906756765971514,0.90517578125,0.09040954233629869,0.008252717785211264,0.027890202205162494,0.012631710895731526,0.003595021994828983,0.012975804880261422,0.00550258468596273,4.243840158761884,70.64398727416992,6.495673712390639
1,A2_int4,10,0.06141083095159864,0.907470703125,0.09399616982387547,0.0067813522786476475,0.025570300151593985,0.010379620834664769,0.006941680517702764,0.03253681706264615,0.010625021200565457,4.231554827455897,69.58202514648437,6.4768696338610665
2,A2_int4,10,0.06150865811583205,0.900537109375,0.0941459052793348,0.011311503650417002,0.033877208130434155,0.01731352599553623,0.020834416028935966,0.05475074704736471,0.03188941228918771,4.7062182837396636,69.44872589111328,7.203395332254588
3,A2_int4,10,0.060091808523792624,0.89326171875,0.09197725794458056,0.010992740733524253,0.029970866814255714,0.016825623571720797,0.03656675954957853,0.08423123247921467,0.055969529922824286,5.331194987284699,69.54988403320313,8.159992327476582
4,A2_int4,10,0.06500791265140225,0.897705078125,0.09950190711949324,0.014577902354686593,0.030675757955759764,0.022313115849010093,0.04017634232486167,0.1091732483357191,0.06149440151764542,5.92656753922435,69.72669525146485,9.071276845751557
5,A2_int4,10,0.06167978754071033,0.898046875,0.09440783807251582,0.006549363510811202,0.02269680085591972,0.010024535985935513,0.055745244747585423,0.1436336502432823,0.08532435420548791,3.9145277372813005,70.89473304748535,5.9916240876754605
6,A2_int4,10,0.056780592281078214,0.89296875,0.08690906981797686,0.006971832109961601,0.024075510888360442,0.010671171596880004,0.06337929116566265,0.1756835587322712,0.09700911913111632,4.336066110169302,70.61073226928711,6.636835882912197
7,A2_int4,10,0.0619824104686915,0.888623046875,0.09487103643167068,0.006882678621558058,0.023343601473607124,0.010534712175854171,0.06695043434923416,0.2169426217675209,0.10247515461617475,3.7919813173775427,70.55107421875,5.804053036802362
8,A2_int4,10,0.059626451945137195,0.88671875,0.09126497746704673,0.006581728750046426,0.023385074082762004,0.010074074617418001,0.06763511625690552,0.24834393337368965,0.10352313712791662,4.524594365300173,69.55883293151855,6.925399538724755
9,A2_int4,10,0.06519303150304646,0.877880859375,0.09978525230058134,0.005418812830698103,0.02279787112493068,0.00829410127147669,0.07410147318474813,0.2891355037689209,0.11342062222155327,4.806046313945086,68.90167007446288,7.35619333767105
10,A2_int4,10,0.06583416662533839,0.88173828125,0.10076658156939551,0.00665191666474072,0.028555614524520934,0.010181505099092939,0.07706019893239235,0.30076147615909576,0.1179492840801924,5.218597331086177,67.92431869506837,7.987648976152312
11,A2_int4,10,0.06374687862359141,0.891943359375,0.09757175299529297,0.004881155278690489,0.027821992244571447,0.007471156038811974,0.08229695647261752,0.33071883022785187,0.12596472929482277,5.9813043099657826,67.96101303100586,9.155057617294565
12,A2_int4,10,0.0651891834744286,0.8814453125,0.09977936246086014,0.007014203099432958,0.031734849279746416,0.010736025152193303,0.0726651505063888,0.3908478856086731,0.11122216914243184,5.574701511167905,66.37562522888183,8.532706394644753
13,A2_int4,10,0.06899835439307592,0.888330078125,0.10560972611185092,0.010176536020587882,0.034160089958459136,0.015576330643756962,0.08171581634018375,0.3849750518798828,0.125075229092118,6.3787793803340245,66.78493843078613,9.763437827041875
14,A2_int4,10,0.06892619264966975,0.893212890625,0.10549927446378024,0.014909326260908148,0.037866085581481454,0.02282039733812472,0.07157729467323433,0.37166126519441606,0.10955708368352195,7.241925196522543,66.61885986328124,11.084579382432466
15,A2_int4,10,0.06800218678367774,0.894921875,0.10408497977093532,0.008968729399399026,0.029517484456300737,0.013727647039896467,0.06906485559039208,0.41070995181798936,0.1057115136587634,7.752565085430208,66.1069320678711,11.866171049127871
16,A2_int4,10,0.06683815625578833,0.8859375,0.10230330039151275,0.007156035923152834,0.028862795559689403,0.010953116208907399,0.0757590761247026,0.4277371302247047,0.11595776957862644,7.347329900042175,65.8732894897461,11.245913112309454
17,A2_int4,10,0.0669910025936878,0.897265625,0.10253724886788951,0.018661996281908975,0.03455652070697397,0.028564280023330064,0.07796849820492689,0.4397615224123001,0.11933953806876565,7.859648895378473,65.96150131225586,12.030074839865009
18,A2_int4,10,0.06770934282851214,0.9041015625,0.1036367492273145,0.021641592639121895,0.03659976678900421,0.033124886692533516,0.07314181152529993,0.4550745993852615,0.11195175233464275,5.644992586618308,66.50580139160157,8.640294775436187
19,A2_int4,10,0.05708429123569002,0.8873046875,0.0873739151566684,0.016797377390321437,0.03718628927599639,0.025710271515798123,0.06763543577079771,0.4816302955150604,0.10352362617979242,6.2561077421767095,65.76951179504394,9.575675115576598
20,A2_int4,10,0.06924395748849192,0.89228515625,0.10598564921707948,0.015798769550484124,0.03887765384279192,0.024181790128292028,0.0603125642669843,0.4784323453903198,0.09231514938824129,6.200756877452484,65.02546081542968,9.490954404264007
0,A2_int2,10,0.0594795242681849,0.90009765625,0.09104008816558913,0.00823762455019115,0.02797043912578374,0.012608609005394619,0.003772539729618558,0.01467744461260736,0.005774295504518202,4.039489802939663,70.57880325317383,6.182892555519892
1,A2_int2,10,0.05395322557622802,0.895458984375,0.08258146771871636,0.007911331501428415,0.03401770857162774,0.012109180869533288,0.04990797780550821,0.2308761805295944,0.07638976194720644,7.544477166759964,64.16338310241699,11.547669132795864
2,A2_int2,10,0.06282659696900561,0.858251953125,0.09616315862602899,0.008510283396836998,0.03532935329712927,0.013025943974750508,0.06707002765509032,0.34309055656194687,0.10265820559452603,7.289748750786916,62.068716049194336,11.157778700184055
3,A2_int2,10,0.06641503446353106,0.876123046875,0.10165566499520062,0.00812342030333301,0.035845027398318054,0.012433806586734202,0.06550650450982465,0.4127490550279617,0.10026505792320099,7.159542016445194,59.46840858459473,10.958482678232441
4,A2_int2,10,0.06550998330171329,0.8736328125,0.10027038260466321,0.009358189035898653,0.03590352651663124,0.014323758728416307,0.06803256388074104,0.45435447096824644,0.10413147532766487,6.399016789019316,58.50129356384277,9.794413452580587
5,A2_int2,10,0.07588141395067896,0.86904296875,0.11614502135308005,0.007404797029180858,0.0334883407689631,0.011333873003848253,0.06191592615479163,0.47760396003723143,0.09476927472672188,6.463988372006915,55.58595924377441,9.893859753071808
6,A2_int2,10,0.05907708592781708,0.840673828125,0.09042411111400574,0.008181416398246372,0.03357634134590626,0.012522576119764857,0.054209476784593855,0.4911761909723282,0.082973688956011,6.390107609255673,54.69089279174805,9.780776952942357
7,A2_int2,10,0.04764825059246313,0.787744140625,0.0729309958047905,0.009102109938973446,0.04043677682057023,0.013931800927000176,0.04904859810976933,0.5239559173583984,0.07507438486189184,6.160316762314496,49.43935852050781,9.429056268848719
8,A2_int2,10,0.06307642690192247,0.705517578125,0.09654555138049357,0.00635324527331453,0.043002376332879066,0.009724355010175304,0.04043343943167591,0.5597450792789459,0.06188791749746314,6.431175303016164,44.64576606750488,9.843635667881884
9,A2_int2,10,0.06482379582327052,0.67978515625,0.09922009564786306,0.008604182239794528,0.03686384316533804,0.013169666693563052,0.036193029580052515,0.579535436630249,0.05539749425518242,5.227296597235683,38.82738971710205,8.000964179442372
10,A2_int2,10,0.07180839447010617,0.667138671875,0.10991080786240742,0.008529713828867093,0.044820017833262685,0.013055684431939428,0.03211581889645214,0.5810796558856964,0.04915686565783491,6.427519484007938,39.4342264175415,9.838040026542762
11,A2_int2,10,0.06024335825477306,0.6306640625,0.0922092218185302,0.012338931398714396,0.050846188236027955,0.01888611948782816,0.028353530908359015,0.6029921293258667,0.04339826159442707,5.240812782042881,37.55387020111084,8.021652217412576
12,A2_int2,10,0.08045169641154898,0.6081298828125,0.1231403516503301,0.010087394452264012,0.05270213196054101,0.015439889467751041,0.0270683855119599,0.6316462218761444,0.04143120231422434,5.951057378842242,30.891228103637694,9.108761294146289
13,A2_int2,10,0.05033293947061537,0.610986328125,0.07704021347543169,0.013572388490847947,0.05949009507894516,0.020774064016604005,0.02415638426492355,0.6355826735496521,0.036974057548352375,4.247481239576731,28.768173599243163,6.501246795270507
14,A2_int2,10,0.051645079527854104,0.5838623046875,0.0790485911140624,0.016800140042272038,0.06688595842570066,0.0257145000647021,0.01992248243445056,0.6612034499645233,0.03049359556293454,3.6167313998952477,26.99004554748535,5.535813367186605
15,A2_int2,10,0.042915189768245335,0.57646484375,0.06568651495139594,0.019895928254958464,0.07349683688953519,0.030452951410650714,0.01725716513765524,0.6794091165065765,0.026414028271921287,3.7958591206646415,25.632696533203124,5.809988449996901
16,A2_int2,10,0.05401681972451767,0.539404296875,0.08267880570079236,0.01883362266957452,0.0755208469927311,0.028826973473838554,0.015853072225107043,0.707287871837616,0.02426490646700058,3.287317119101773,21.388228797912596,5.031607835359858
17,A2_int2,10,0.04545534639134525,0.56103515625,0.0695745097826713,0.022293767743205555,0.08243079474195839,0.03412311389266157,0.016439936180620788,0.7199223637580872,0.025163167623399166,4.485977534969524,22.141315841674803,6.866292145361517
18,A2_int2,10,0.048261081036949295,0.5452880859375,0.07386900158716729,0.018712758398057024,0.07635774239897727,0.0286419771398832,0.01835436295762544,0.735800689458847,0.028093412690243024,4.893018401824002,20.804443836212158,7.489313880342862
19,A2_int2,10,0.04758414649713943,0.5498291015625,0.07283287729153994,0.0205962350800838,0.06671475181356072,0.03152484961237317,0.017961337866403703,0.7364351749420166,0.027491843673066892,4.005747780232939,19.160963153839113,6.131246602397356
20,A2_int2,10,0.04944050155425021,0.530908203125,0.07567423707283197,0.019243870395693818,0.0752456609159708,0.029454903666878297,0.018556551492225737,0.7657524228096009,0.02840288493708021,4.335550939392939,18.36061248779297,6.636047356213682
0,A3_bf16,10,0.0580958172131276,0.90478515625,0.08892216920376673,0.00821035827213023,0.02805625945329666,0.012566874906321784,0.0,0.0,0.0,4.252392030868857,70.59945030212403,6.508763312554374
1,A3_bf16,10,0.05860894241699938,0.903515625,0.08970756492397865,0.006813418473428804,0.025155356130562724,0.010428701745044087,0.003382680257922619,0.006393431429751217,0.005177571823350948,4.190111206368439,70.06831207275391,6.413435519951692
2,A3_bf16,10,0.054534959023640764,0.90068359375,0.08347187605659302,0.010321135422094308,0.03223451809026301,0.015797656258307615,0.005254375765565778,0.014609704748727382,0.008042411886070069,4.1314259847672865,70.04377059936523,6.323611201174418
3,A3_bf16,10,0.05545393042279395,0.895751953125,0.0848784649328479,0.010915450046196309,0.029305410594679414,0.016707321499280066,0.005224845481842656,0.01574855239596218,0.007997212472208148,4.575367347155945,70.17080116271973,7.003113286463181
4,A3_bf16,10,0.06566006279026652,0.90380859375,0.10050009610755083,0.010725670641918334,0.030750407092273235,0.01641684281926276,0.030033679207419454,0.08288693577051162,0.04596991715421345,4.376761252688281,71.1161937713623,6.699124366359615
5,A3_bf16,10,0.06071679259922518,0.89736328125,0.09293386622330385,0.006860015225126588,0.025146996369585395,0.010500023303765187,0.06938322700245443,0.17014328204095364,0.1061988168404915,3.536274297903656,72.31513061523438,5.4126647416892695
6,A3_bf16,10,0.056156925099944466,0.90205078125,0.08595447719379255,0.0062298785924664955,0.02237449954263866,0.009535528457856882,0.08319022514803534,0.20875348672270774,0.12733197726740103,3.931323270942414,71.97571487426758,6.017331537156757
7,A3_bf16,10,0.06052949242596871,0.913916015625,0.092647182284646,0.006480663958894761,0.023853249615058303,0.009919383610553206,0.09139295729920736,0.23452454805374146,0.1398871795396031,3.764149787553416,72.13115348815919,5.76145375645931
8,A3_bf16,10,0.06620141798474705,0.908984375,0.1013287009970618,0.005368713412899124,0.024097008630633354,0.008217418489131312,0.08561636931499585,0.25975733548402785,0.13104546323723856,4.104758518864978,71.94704132080078,6.282793651323947
9,A3_bf16,10,0.05735857857611045,0.910498046875,0.0877937427185364,0.0032495909995706156,0.02389460289850831,0.004973863774852984,0.08171006277117246,0.2775973856449127,0.12506642260893747,3.927476494689195,71.69954147338868,6.011443614320197
10,A3_bf16,10,0.0630680366524579,0.903857421875,0.09653270916192537,0.007632091563938633,0.02732526152394712,0.011681772801946889,0.08446355938139227,0.306053651869297,0.1292809582368249,4.37894725818963,71.17124862670899,6.7024702931473925
11,A3_bf16,10,0.05532528226948668,0.922216796875,0.08468155449411227,0.007615545030852288,0.027037190226837992,0.01165644647579432,0.08180207891605193,0.31478443890810015,0.12520726364701826,4.184382804687061,71.72732772827149,6.404667558194481
12,A3_bf16,10,0.05869444905971243,0.919921875,0.08983844243833534,0.006091371692766475,0.028776429872959853,0.009323528101173177,0.0751683631691409,0.34277646988630295,0.11505361709562384,4.634884133577793,70.86627197265625,7.094210408537438
13,A3_bf16,10,0.052727905744681065,0.920556640625,0.08070597818063428,0.006807629229852424,0.027638908522203565,0.010419840657937387,0.07417020526332843,0.35272759646177293,0.11352582438264555,5.16765269221399,70.70035018920899,7.909672488082636
14,A3_bf16,10,0.054833473665314866,0.912841796875,0.08392878622242073,0.008831919277213468,0.028891322459094225,0.013518243791653268,0.07335510136489307,0.3633137807250023,0.11227821637483633,4.476955216976635,71.1848575592041,6.852482474964238
15,A3_bf16,10,0.06176984949298737,0.903955078125,0.09454568799947047,0.0067451371096374346,0.027500384114682676,0.010324189453526686,0.0668032631242061,0.3922609180212021,0.10224989253705018,4.659740881720979,70.72348670959472,7.1322564516137446
16,A3_bf16,10,0.05865983978561174,0.898486328125,0.08978546905960981,0.00681201354763132,0.026687259669415653,0.010426551348415287,0.06741138025132234,0.4122584968805313,0.10318068405814647,4.973468576329576,70.57372169494629,7.61245190254527
17,A3_bf16,10,0.06882234791741564,0.892822265625,0.10534032844502393,0.005723044116920642,0.027950917510315774,0.008759761403449964,0.07186611901775856,0.41390992403030397,0.10999916176187537,4.439564651100685,71.47176055908203,6.795252016990845
18,A3_bf16,10,0.0692768782270299,0.886474609375,0.1060360381025968,0.007658631730841186,0.027039481000974773,0.01172239550638957,0.07218999904378136,0.43341667354106905,0.11049489649558372,4.258129008255705,71.46427497863769,6.517544400391387
19,A3_bf16,10,0.07766259945983263,0.8697265625,0.11887132570382548,0.00578740867343074,0.028768258541822432,0.008858278581781745,0.07089383571107803,0.451344245672226,0.10851097302716027,3.9970844634373033,71.41711349487305,6.117986423628525
20,A3_bf16,10,0.07558260961127924,0.85810546875,0.11568766777236619,0.0064330320328801075,0.03321274286136031,0.009846477601347105,0.05788514193057591,0.4846210241317749,0.08859970703659578,4.192827591841133,70.00587158203125,6.417593252818061
0,A3_ctrl,10,0.06022926804701036,0.9068359375,0.09218765517399546,0.008067592458831698,0.02788126494269818,0.012348355804334233,0.012192185732536765,0.036769429501146075,0.01866150877429097,4.234682665842558,70.88053894042969,6.481657141595752
1,A3_ctrl,10,0.05786965904189743,0.900830078125,0.0885760087375981,0.006862383317402905,0.02489587333984673,0.010503647934800365,0.014059717496469018,0.05474510658532381,0.021519975759901562,4.05564864552009,69.84009437561035,6.207625477836873
2,A3_ctrl,10,0.05866066384671488,0.90791015625,0.08978673037762483,0.011391066895327226,0.03290172778069973,0.01743530647243963,0.033662733462956125,0.09327708929777145,0.051524592035136936,4.038611493317458,70.23706893920898,6.181548204057335
3,A3_ctrl,10,0.061453827518444006,0.90390625,0.09406198089557757,0.009372605719051571,0.028278514882549642,0.014345825080180978,0.037607209324434926,0.10706374067813158,0.05756205508842081,4.691373375589661,70.45000991821288,7.180673534065808
4,A3_ctrl,10,0.06527961063959216,0.900927734375,0.09991777138713086,0.010226718559841074,0.031093837367370723,0.015653140652817973,0.04508335286119377,0.158031090721488,0.06900513193039864,4.810098884327731,70.33926696777344,7.362396251522037
5,A3_ctrl,10,0.05942231615912361,0.91259765625,0.09095252473335248,0.006421949774556857,0.02477008309215307,0.009829514961056414,0.07099014863067084,0.21530813127756118,0.10865839076123086,3.996764529832121,70.77783851623535,6.117496729334879
6,A3_ctrl,10,0.05797237368599789,0.913232421875,0.08873322502958861,0.007136537569109112,0.023509893147274852,0.010923271789452724,0.08642240689998576,0.239387895911932,0.13227919423467208,3.1817850820722002,72.02830047607422,4.870079207253368
7,A3_ctrl,10,0.05983302940709413,0.910107421875,0.09158116745983796,0.006335137966640951,0.023908089473843576,0.009696639744858597,0.09185510409096978,0.2691745601594448,0.140594547078015,4.163861327456377,71.81256256103515,6.373257133861803
8,A3_ctrl,10,0.06274269917686014,0.904345703125,0.09603474363805123,0.0059530882625401,0.025339153595268726,0.009111869789602194,0.08133484550975532,0.2933271527290344,0.1244921104741153,4.03974041718319,71.26532974243165,6.1832761487497825
9,A3_ctrl,10,0.05121706030251932,0.9080078125,0.07839345964671325,0.004818847819918039,0.02430315697565675,0.007375787479466388,0.08134802902816271,0.29766150414943693,0.1245122893288205,4.02719226024432,71.71476898193359,6.1640697860882465
10,A3_ctrl,10,0.06243682599947572,0.901611328125,0.0955665704073608,0.008543121274784297,0.02823861436918378,0.01307620603283311,0.08202791578933401,0.31397667676210406,0.12555293233061326,3.832901320026643,71.69160766601563,5.866685693918331
11,A3_ctrl,10,0.048055676647663366,0.913671875,0.07355460711377047,0.012024863966468161,0.03130026888102293,0.018405404030308412,0.07904554642053137,0.3258485093712807,0.12098808125591534,4.262265279079793,71.55465278625488,6.52387542716295
12,A3_ctrl,10,0.05049769644524567,0.911865234375,0.07729239251823317,0.0069152948673426315,0.029164859745651483,0.01058463500103464,0.07370533378150203,0.3575465142726898,0.11281428640025823,4.794265503149765,71.03485336303712,7.338161484412907
13,A3_ctrl,10,0.05219545648141932,0.904541015625,0.07989100481849896,0.008105607814655203,0.02800338906235993,0.012406542573451843,0.07073980980852049,0.36804948896169665,0.10827521909467423,4.462645288429769,70.62785987854004,6.830579523106789
14,A3_ctrl,10,0.05307858822472924,0.910498046875,0.08124273707866721,0.009840795130458841,0.03164840610697865,0.015062441526212512,0.06813431377267741,0.3689029484987259,0.10428721495817972,4.552313688816808,70.9156509399414,6.9678270747196045
15,A3_ctrl,10,0.049786570987626504,0.900927734375,0.07620393518514261,0.008425894160105474,0.02911551729775965,0.012896776775671645,0.06613605744604409,0.3947600767016411,0.10122865935618994,5.075820858254852,70.73683891296386,7.769113558553347
16,A3_ctrl,10,0.04579217577608732,0.905126953125,0.07009006496339895,0.007896767629071476,0.027241412689909338,0.012086889228170628,0.06520063073258488,0.41074501574039457,0.0997968837743646,4.864527821338453,70.43130798339844,7.445705848987429
17,A3_ctrl,10,0.0518369939437542,0.896337890625,0.07934233766901154,0.006635195913890015,0.02695691790431738,0.010155912113096962,0.06472926155575244,0.42114707827568054,0.09907540034043741,4.9179574723535975,70.44373245239258,7.527485927071833
18,A3_ctrl,10,0.06639455980193297,0.878955078125,0.10162432622744842,0.006458151438092764,0.028227302618324755,0.009884925670550151,0.06647177309243014,0.4320693790912628,0.10174250983535227,4.5798868963290005,70.40380744934082,7.0100309637688785
19,A3_ctrl,10,0.06205310232279855,0.872802734375,0.09497923824918147,0.008117264293580893,0.029065920552238823,0.012424384122827899,0.0654989213505984,0.44083217680454256,0.10025345104683431,4.5121862881079835,70.26234130859375,6.90640758383875
20,A3_ctrl,10,0.06476352243439998,0.879052734375,0.0991278404608163,0.008072776406824071,0.030469607282429933,0.012356290418608274,0.0566084496113216,0.46452581882476807,0.08664558613977796,5.475528720845017,69.52887916564941,8.380911307415843
0,A3_int4,10,0.05906756765971514,0.90517578125,0.09040954233629869,0.008252717785211264,0.027890202205162494,0.012631710895731526,0.003595021994828983,0.012975804880261422,0.00550258468596273,4.243840158761884,70.64398727416992,6.495673712390639
1,A3_int4,10,0.061946566085328704,0.90556640625,0.09481617257958476,0.00673575136911395,0.02554581076838076,0.010309823524154006,0.006764584530133184,0.03240976454690099,0.010353955913469158,4.293550001359009,69.4928482055664,6.571760206161748
2,A3_int4,10,0.060086558332586464,0.90068359375,0.09196922193763235,0.011361677901030336,0.03400152118410915,0.017390323317903574,0.020902129678441725,0.05453480239957571,0.03199305563026794,4.6601419387079615,69.48082847595215,7.132870314348921
3,A3_int4,10,0.059286659084662595,0.90048828125,0.09074488635407542,0.010933181839633712,0.03001419985666871,0.016734461999439357,0.03661164917451685,0.08485023342072964,0.056038238532423755,5.152252860039676,69.76983642578125,7.8861013163872595
4,A3_int4,10,0.06675786711535132,0.9044921875,0.10218040885002755,0.012649290313745336,0.03203423931263387,0.019361158643487763,0.04172896783534149,0.1433117039501667,0.06387086913572679,5.834835532751657,69.44019927978516,8.930870713395393
5,A3_int4,10,0.06788835485691957,0.8998046875,0.10391074722997895,0.011989918580549598,0.029169987374916672,0.01835191619471878,0.07572010645838533,0.21008844152092934,0.11589812213018164,3.3896768004565465,71.04629821777344,5.188280817025326
6,A3_int4,10,0.06516220967627959,0.897119140625,0.09973807603512183,0.008345612723786745,0.025312153808772563,0.012773897026204201,0.08360858435109143,0.23688405975699425,0.12797232298636443,4.161818994047996,70.74301071166992,6.370131113338769
7,A3_int4,10,0.06916787355894365,0.89365234375,0.10586919422287293,0.007583674940960987,0.025602710992097856,0.011607665725960696,0.08894206980431496,0.26613272950053213,0.1361358211290535,5.012096966944239,69.96102142333984,7.671576990220775
8,A3_int4,10,0.06013897193078741,0.89609375,0.09204944683283788,0.007291959682218015,0.027532515628263355,0.011161162778905127,0.07946313763343343,0.3015859127044678,0.12162725147974505,5.245869041800764,68.97668762207032,8.029391390511375
9,A3_int4,10,0.06358094489135019,0.90185546875,0.09731777279288294,0.005144725097587899,0.02737026014365256,0.007874579231001886,0.07929733379074536,0.32276835590600966,0.12137347008787555,5.47565588940513,68.26641616821288,8.381105953171117
10,A3_int4,10,0.07025168562647062,0.917578125,0.1075280902445979,0.006512090231393696,0.02971865190193057,0.009967485048051576,0.08462119730137531,0.3439105823636055,0.1295222407674112,5.628253705114099,68.46029243469238,8.614674038439947
11,A3_int4,10,0.06992295004701957,0.91416015625,0.1070249235413565,0.007992765107671263,0.02945044725202024,0.012233824144394794,0.07930769051882794,0.3528686061501503,0.12138932222269584,7.001105099918227,67.63022918701172,10.715977193752389
12,A3_int4,10,0.07504959221331736,0.909716796875,0.11487182481630209,0.017560181085527447,0.03452696329914033,0.02687782819213385,0.0724803646339449,0.3755041748285294,0.11093933362338505,8.305304411531154,66.24191474914551,12.712200629894623
13,A3_int4,10,0.061629683410529025,0.894287109375,0.09433114807734035,0.017165080411551493,0.0360548185184598,0.02627308226257882,0.06620399597391498,0.39389380216598513,0.10133264689884945,9.111476055306396,65.52457790374756,13.946136819346526
14,A3_int4,10,0.06730506689223391,0.914501953125,0.10301795952892948,0.01508676094652123,0.03679602085612714,0.023091981040593724,0.06054541388941055,0.40635670721530914,0.09267155187154677,7.63860218915829,65.24973068237304,11.691738044630036
15,A3_int4,10,0.07117776544460781,0.918359375,0.10894555935399158,0.013216935689249542,0.0331482389010489,0.020230003605994196,0.058929274410759604,0.4186150759458542,0.09019786899606061,7.852008037768997,65.66455955505371,12.018379649646427
16,A3_int4,10,0.06757301055743298,0.912939453125,0.10342807738382599,0.006851533461465726,0.026016939757391812,0.010487041012447542,0.05773111311849204,0.4255991756916046,0.08836394865075313,6.946527209403801,66.53710746765137,10.632439606230308
17,A3_int4,10,0.06450896257202773,0.903564453125,0.09873820801840981,0.00766412025684861,0.02973792194388807,0.011730796311502976,0.05911894834690472,0.44891750514507295,0.09048818624526234,7.760859038675596,64.90064945220948,11.878865875523871
18,A3_int4,10,0.06921199889775273,0.89169921875,0.10593673300676439,0.012466827589911996,0.03153941249474883,0.019081878964151013,0.052831687403274034,0.4694664031267166,0.08086482765807251,6.665324730834538,65.25483551025391,10.202027649236536
19,A3_int4,10,0.0709984469057335,0.88603515625,0.10867109220265331,0.006760680686160972,0.030931970849633218,0.01034798064208312,0.04849681869325746,0.48947571218013763,0.07422982453049612,7.143288469708117,64.52925605773926,10.933604800573649
20,A3_int4,10,0.07496044972322717,0.888232421875,0.11473538222942935,0.007700513208372821,0.030914718518033624,0.011786499808733909,0.043351353657296705,0.5031527072191239,0.06635411274076027,7.834563968681232,64.60215797424317,11.991679543899847
0,A3_int2,10,0.0594795242681849,0.90009765625,0.09104008816558913,0.00823762455019115,0.02797043912578374,0.012608609005394619,0.003772539729618558,0.01467744461260736,0.005774295504518202,4.039489802939663,70.57880325317383,6.182892555519892
1,A3_int2,10,0.054416940502433855,0.895458984375,0.08329123546290897,0.007909855727218253,0.03404395771212876,0.012106922031456512,0.04982379513922988,0.23099488392472267,0.07626091092739269,7.524025056107508,64.09844245910645,11.516364881797207
2,A3_int2,10,0.05864695690427084,0.8533203125,0.08976575036367987,0.008421493583519042,0.035414041765034196,0.012890041199263843,0.06685222934708766,0.34350948631763456,0.10232484083737908,7.264941340471435,62.01421546936035,11.119808174190974
3,A3_int2,10,0.06804665674310119,0.886083984375,0.10415304603535896,0.00809282612412364,0.03577360846102238,0.012386978761413734,0.06604123733689801,0.4123531311750412,0.10108352653606839,7.446257980762954,59.48338928222656,11.397333644024929
4,A3_int2,10,0.06587642345945459,0.833740234375,0.1008312603971244,0.0069856886528962695,0.04275361066684127,0.01069238059116776,0.050488452549362926,0.5123980611562728,0.07727824369800448,7.151680037191268,51.58084907531738,10.946449036517247
5,A3_int2,10,0.05907979899938218,0.7650390625,0.09042826377456456,0.00914589457659903,0.044865349493920806,0.013998818229488313,0.05206231114590954,0.5145086258649826,0.07968721093761666,5.802535562607399,51.74209365844727,8.881431983582754
6,A3_int2,10,0.06172063465787326,0.694775390625,0.09447035917021417,0.009554526744088895,0.047514308150857686,0.014624275628707493,0.04269580789989486,0.5380316406488419,0.06535072637739009,5.97880766627117,44.812637138366696,9.151236223884444
7,A3_int2,10,0.07511121938731811,0.6557861328125,0.1149661521234461,0.013802421165306122,0.058182659652084114,0.02112615484485631,0.036677605302433657,0.5764162003993988,0.056139191789439276,5.158940661898608,39.702126121521,7.896337747803991
8,A3_int2,10,0.05402981775524547,0.6048828125,0.08269870064578388,0.016385873349354943,0.059101346880197525,0.025080418391869815,0.029205991994976147,0.6100349664688111,0.04470304897190227,5.200080119706357,35.92734298706055,7.959306305672994
9,A3_int2,10,0.04483739070306507,0.5693115234375,0.06862865923938531,0.018199820707915985,0.0640151385217905,0.027856868430483652,0.02261361027632025,0.6420947790145874,0.0346126687902861,4.329862253060197,34.199561309814456,6.627340183255404
10,A3_int2,10,0.044358154676623324,0.550244140625,0.06789513470911733,0.01730433242551248,0.06989432191476226,0.02648622310027421,0.01727555360251015,0.6730219125747681,0.026442173881393086,5.863362155241233,30.46859531402588,8.97453391108352
11,A3_int2,10,0.04287940574897884,0.5232177734375,0.06563174349333495,0.020765290652937755,0.08457887070253492,0.031783608142251674,0.012397951259524663,0.70411918759346,0.018976456009476526,5.6729856806316175,27.44686040878296,8.683141347905538
12,A3_int2,10,0.050413611399865624,0.5393310546875,0.07716369091816168,0.017570460699941136,0.08433800926432014,0.026893562295828274,0.020773695993610473,0.73303924202919,0.03179647345960787,5.24676738388305,26.03947353363037,8.030766403902629
13,A3_int2,10,0.048923086890985935,0.5157958984375,0.0748822758535499,0.019709800558408347,0.09553126022219657,0.03016806207919645,0.02798265586569183,0.7660934627056122,0.04283059571279362,4.9141738281468355,24.738247108459472,7.521694634918627
14,A3_int2,10,0.058393418984251426,0.5233642578125,0.08937768211875219,0.014500617721683349,0.08189344676211477,0.022194823043392885,0.03269682113118958,0.7890588760375976,0.05004615479263711,4.844377430287438,24.21435661315918,7.4148634137052625
15,A3_int2,10,0.04888669142709408,0.5095458984375,0.07482656851085828,0.01676131293355761,0.0886148488149047,0.025655070816669814,0.028595156556764628,0.8192557692527771,0.04376809677055811,3.830762685044157,22.8270676612854,5.863412273026772
16,A3_int2,10,0.04258681828247715,0.5066650390625,0.0651839055344038,0.012517245756400158,0.07852158918976784,0.0191590496271431,0.02285941454827852,0.8311817526817322,0.034988899818793655,4.248818711494068,22.889493942260742,6.503293946164391
17,A3_int2,10,0.04618309075429372,0.487890625,0.0706884042157557,0.017218729935215164,0.09459832347929478,0.026355198880431377,0.023653073537782343,0.8477877676486969,0.03620368398640155,4.58203551259982,24.76503849029541,7.013319662142582
18,A3_int2,10,0.04078032575252585,0.487353515625,0.06241886594774366,0.01820064876488579,0.09037368930876255,0.027858135864621106,0.023327826186838804,0.8633387923240662,0.03570585640842674,3.178389529518495,23.899780750274658,4.8648819329364725
19,A3_int2,10,0.04674384699044897,0.4824951171875,0.07154670457721782,0.016170655006675024,0.08863138873130083,0.024751002561237283,0.029194905130494945,0.8677728831768036,0.04468607928136981,3.7508997869410354,24.727743721008302,5.741173143277095
20,A3_int2,10,0.045226128822757714,0.4755126953125,0.0692236665654455,0.01527470200228227,0.08745699394494295,0.02337964592186062,0.030928379553438575,0.8697694778442383,0.04733935645934476,2.535736407895719,23.800289916992188,3.8812291957587535
0,A4_bf16,10,0.0580958172131276,0.90478515625,0.08892216920376673,0.00821035827213023,0.02805625945329666,0.012566874906321784,0.0,0.0,0.0,4.252392030868857,70.59945030212403,6.508763312554374
1,A4_bf16,10,0.05776171427382236,0.90556640625,0.08841078715380975,0.006809800262979945,0.025152883282862602,0.010423163667826446,0.0012525685093017942,0.0016488064284203574,0.00191719669791091,4.411396914069197,69.90523223876953,6.752138133779384
2,A4_bf16,10,0.05649043988617119,0.902490234375,0.08646495900944572,0.010147897570284843,0.032256128685548904,0.01553249628104823,0.004781226495192003,0.01220183288678527,0.007318203819171434,4.5018572456215065,69.80937042236329,6.890597824930878
3,A4_bf16,10,0.055273753898442926,0.894873046875,0.08460268453843305,0.011085808487328343,0.02943371613509953,0.01696807421529849,0.004838657264041842,0.014718039589934052,0.007406108057206901,4.5902022592889296,70.08879852294922,7.025819784625915
4,A4_bf16,10,0.06431984979522884,0.899169921875,0.09844874968657476,0.013546833365771041,0.02814239915460348,0.020734949029241393,0.008569312739081054,0.028364554140716793,0.013116295008797532,4.815253883415519,70.9728214263916,7.370286556248243
5,A4_bf16,10,0.06300742428207964,0.89208984375,0.09643993512563213,0.005779457905623041,0.01931950091384351,0.008846109039218942,0.03555876144203453,0.06580741945654153,0.05442667567658347,4.13199112420965,71.91005630493164,6.324476210524975
6,A4_bf16,10,0.05396242954411651,0.892822265625,0.08259555542466812,0.006046271642149114,0.021437189960852265,0.009254497411452726,0.051880619464866135,0.11212915861979127,0.07940911142581551,3.3429404570469425,72.0394962310791,5.116745597520831
7,A4_bf16,10,0.06057742384642919,0.891357421875,0.09272054670371814,0.009636408838666316,0.02272351726423949,0.014749605365305585,0.06024884731307067,0.16727080345153808,0.09221762343837347,4.2418316000394825,71.56808319091797,6.492599387815535
8,A4_bf16,10,0.060172535970183336,0.893359375,0.09210082036252552,0.005110614491770261,0.023356830421835183,0.007822369120056523,0.06457462348648653,0.21772635579109192,0.09883870941809166,3.515056058778135,71.84630279541015,5.3801878450685745
9,A4_bf16,10,0.05515703942079469,0.8802734375,0.08442403992978781,0.011807390359495573,0.02792144347913563,0.01807253626453404,0.06696201387122445,0.28592854738235474,0.10249287837432317,4.153305442968065,71.05777435302734,6.357100167808264
10,A4_bf16,10,0.05525647194050038,0.897265625,0.08457623256199039,0.005799466716469349,0.026145955733954906,0.008876734770106146,0.0765480112014216,0.27671577110886575,0.11716532326748204,3.439830979683964,71.71151885986328,5.265047417883618
11,A4_bf16,10,0.053715519217461094,0.89501953125,0.0822176314552976,0.007129279691814132,0.027943757874891163,0.010912162793593059,0.0829674763275269,0.3088266596198082,0.12699103519519425,2.8519801853009294,72.12472572326661,4.365275793827954
12,A4_bf16,10,0.053092659351107956,0.862255859375,0.08126427451700198,0.007671533824128649,0.026454510958865286,0.011742143608360178,0.07297373285498944,0.3758919268846512,0.11169448906375937,3.4910903116635392,70.90830612182617,5.3435055790768455
13,A4_bf16,10,0.05018973761870207,0.87294921875,0.07682102696740113,0.013123721843988852,0.027172786346636713,0.020087329353044164,0.0831272216926893,0.36446513384580614,0.12723554340717752,3.1504129124847315,72.06938819885254,4.8220605803337735
14,A4_bf16,10,0.06185371770681909,0.868212890625,0.09467405771451903,0.01614248740080676,0.03360786859411746,0.024707888878785857,0.07408933828796269,0.3732944160699844,0.11340204839994289,3.62954280497819,71.7734603881836,5.555422660680903
15,A4_bf16,10,0.060841141113469166,0.870068359375,0.09312419558184055,0.013018896759272971,0.03229227657429874,0.01992688279480557,0.07584930659879204,0.3808504924178123,0.11609587744713068,4.170492579522303,72.00051651000976,6.383407009472913
16,A4_bf16,10,0.06030445371902265,0.875634765625,0.09230273528421834,0.006706804570917217,0.02348375946749002,0.010265517200383498,0.07999413172174442,0.38925894498825075,0.12243999753328229,4.269242366773028,72.17807006835938,6.534554643019942
17,A4_bf16,10,0.056419848958526614,0.880908203125,0.0863569116712142,0.007934539227665878,0.024884453299455343,0.012144702899488592,0.08208062779693398,0.4019133076071739,0.12563361397489894,4.343946700910167,71.20603103637696,6.648898011597196
18,A4_bf16,10,0.05709249134714425,0.8734375,0.08738646634766978,0.007855028288131411,0.026837522350251674,0.012023002481833793,0.07935231149534343,0.42306473255157473,0.12145761963572975,3.9939252258977676,71.70243835449219,6.113150855965972
19,A4_bf16,10,0.05582886454600137,0.86884765625,0.08545234369285923,0.01704381967858908,0.03400687114335597,0.02608747909988125,0.07529842950462735,0.43874300420284273,0.11525269822136841,4.039718872597603,71.31533126831054,6.1832431723432695
20,A4_bf16,10,0.0656517237073895,0.86845703125,0.10048733220518803,0.00995957639139665,0.02799125665333122,0.015244249578668346,0.06810487903140768,0.4476830095052719,0.10424216178276685,5.05475815772916,70.19302978515626,7.736874731218102
0,A4_ctrl,10,0.06022926804701036,0.9068359375,0.09218765517399546,0.008067592458831698,0.02788126494269818,0.012348355804334233,0.012192185732536765,0.036769429501146075,0.01866150877429097,4.234682665842558,70.88053894042969,6.481657141595752
1,A4_ctrl,10,0.058089650828987614,0.89931640625,0.08891273086069534,0.006880854676100872,0.02484899153932929,0.010531920422603376,0.013981849996046607,0.054692945629358294,0.02140079081027542,4.060665072400217,69.85589561462402,6.21530368224523
2,A4_ctrl,10,0.057818418105732954,0.907421875,0.08849757873326473,0.011380553712533877,0.032985340571030974,0.017419214866123283,0.03352318993463707,0.09366075657308101,0.05131100500199553,4.243173712828861,70.15476608276367,6.494653642084992
3,A4_ctrl,10,0.060383919393355905,0.905517578125,0.0924243664184019,0.009382198088973202,0.028230916196480393,0.014360507279040617,0.03787357664706706,0.10717229433357715,0.05796976017408223,4.712003680000942,70.57324409484863,7.212250530613687
4,A4_ctrl,10,0.06627240054258042,0.8953125,0.10143734776925577,0.01229139968726618,0.02782034275587648,0.018813366868264562,0.04988023178744218,0.1296903483569622,0.07634729355220743,4.518750392990737,70.47692947387695,6.9164546831490865
5,A4_ctrl,10,0.06381229882411481,0.900732421875,0.09767188595527779,0.0064808457382170516,0.019553887308575213,0.009919661844209775,0.06553753224187227,0.15728749092668295,0.10031254934980449,4.434535311813896,70.67167510986329,6.78755404869474
6,A4_ctrl,10,0.05978119023039735,0.8970703125,0.09150182178122045,0.00769631755313051,0.0236351358005777,0.01178007788744466,0.06976712307151749,0.184221051633358,0.1067864128645676,3.8144154959365855,71.21391525268555,5.83839106520906
7,A4_ctrl,10,0.059352777488254106,0.89677734375,0.09084608799222568,0.004829277049313219,0.01910789099056274,0.007391750585683499,0.06927692350041428,0.2301333576440811,0.1060361073985933,3.3783827720169044,71.86380424499512,5.170994038801385
8,A4_ctrl,10,0.06098709121681428,0.889990234375,0.09334758859716473,0.006304344732021073,0.02537329769693315,0.009649507242889398,0.0549517703112188,0.26070085912942886,0.08410985251717162,3.713736886946917,71.78757553100586,5.68429115349018
9,A4_ctrl,10,0.06295255732554547,0.864208984375,0.09635595509012064,0.008398125232594329,0.02618533852510154,0.0128542733151954,0.04876339850865864,0.3006861373782158,0.0746378548601918,3.809406411374751,70.9530632019043,5.830724099042985
10,A4_ctrl,10,0.06624233442699307,0.882763671875,0.10139132820458124,0.006694346328453844,0.028404899407178164,0.01024644846191915,0.07476769243805297,0.29408332109451296,0.11444034556844841,2.8403767020622297,72.55913276672364,4.347515360299331
11,A4_ctrl,10,0.06823375541184998,0.87802734375,0.10443942154874998,0.006501379524282109,0.028552616271190344,0.009951091108595066,0.08706182886119468,0.34330013692378997,0.13325790131815515,2.2830410051425685,72.79330444335938,3.4944505180753604
12,A4_ctrl,10,0.061513621492202554,0.876611328125,0.09415350228398352,0.00822315454843585,0.028452546056360006,0.012586461043524259,0.065905620905596,0.3927902281284332,0.10087595036570816,2.8857321756008587,71.92280540466308,4.416937003470703
13,A4_ctrl,10,0.06175662665389799,0.88662109375,0.09452544896004797,0.01325463933563437,0.02848015297204256,0.020287713268828122,0.0762887017783351,0.3761855959892273,0.11676842108928842,3.091005520464559,72.65770034790039,4.731130898670244
14,A4_ctrl,10,0.06996316644310532,0.8712890625,0.107086479249651,0.01336046819149144,0.032789661968126896,0.02044969621146649,0.07160135176036189,0.3851233392953873,0.10959390575565597,2.662023561201621,72.74224700927735,4.074525858982073
15,A4_ctrl,10,0.06712625798744198,0.877880859375,0.10274427242975816,0.006276889241067412,0.028271879395470025,0.009607483532246037,0.06429880415091427,0.3823952540755272,0.09841653696568511,3.2595369384190995,72.61529312133788,4.989087150641479
16,A4_ctrl,10,0.06621894023252457,0.8884765625,0.10135552076406824,0.007974065719292078,0.023393825185485183,0.012205202631569505,0.06649157821392711,0.38504673093557357,0.10177282379682723,2.591409675573355,72.70370178222656,3.966443380979626
17,A4_ctrl,10,0.06531036927044648,0.8775390625,0.09996485092415276,0.011395266786300574,0.02769346828572452,0.017441734876990675,0.06810115866901245,0.39723065197467805,0.10423646735052926,3.370571285154151,72.03618850708008,5.159037681358394
18,A4_ctrl,10,0.06769119158073296,0.866748046875,0.10360896670520352,0.01234002938655105,0.030038060527294873,0.01888780008145569,0.07237355664412469,0.42326380014419557,0.1107758520063133,2.8471716432944563,71.95390548706055,4.357915780552739
19,A4_ctrl,10,0.06044048673203052,0.881005859375,0.09251094907963857,0.014386001269718689,0.03159868158400059,0.022019389698549014,0.07172818886516938,0.4417335525155067,0.1097880441813817,3.777958217842056,71.3894027709961,5.782589108941923
20,A4_ctrl,10,0.06310155870151796,0.883056640625,0.09658401842069074,0.00950826356064447,0.02672354590613395,0.014553464633639494,0.06686534982567628,0.45573222935199736,0.10234492320256575,3.235341112056287,72.72050170898437,4.952052722535133
0,A4_int4,10,0.05906756765971514,0.90517578125,0.09040954233629869,0.008252717785211264,0.027890202205162494,0.012631710895731526,0.003595021994828983,0.012975804880261422,0.00550258468596273,4.243840158761884,70.64398727416992,6.495673712390639
1,A4_int4,10,0.06213612144392402,0.906640625,0.09510630833253678,0.00674424158173613,0.02550849344115704,0.010322818747555303,0.00689562599758908,0.03243617992848158,0.010554529588146552,4.267032239933418,69.59029159545898,6.531171795816458
2,A4_int4,10,0.0613146319695398,0.89970703125,0.0938489264839895,0.011263543656080894,0.03389606194104999,0.017240117840940143,0.020817568605917495,0.0544629018753767,0.03186362541722066,4.53547972901055,69.49043502807618,6.942060809710026
3,A4_int4,10,0.060790496431434145,0.89833984375,0.0930466782113788,0.01096592735126237,0.029960826272144914,0.016784582680503632,0.036433517042182284,0.08448028266429901,0.05576558730946268,5.491417902815648,69.56850357055664,8.405231483901503
4,A4_int4,10,0.06509908404964947,0.900048828125,0.0996414551780349,0.01463742845265382,0.03080603799317032,0.022404227223449726,0.039764289062179145,0.11532298475503922,0.060863707748233395,6.106305977977927,69.53494720458984,9.346386700986624
5,A4_int4,10,0.06166834417931093,0.894482421875,0.0943903227234351,0.0066029551433184775,0.02131875082850456,0.010106563994875223,0.05541970621757515,0.1528318293392658,0.0848260809452681,4.166729859336085,70.7584831237793,6.377647743881763
6,A4_int4,10,0.060983945682964995,0.895703125,0.09334277400453828,0.0067677401566091635,0.023391034454107285,0.010358785953993619,0.0615726426376843,0.20139260739088058,0.09424384077196578,4.229926237547814,70.52581672668457,6.474376894205839
7,A4_int4,10,0.06580303421690174,0.890087890625,0.10071892992382922,0.005764964783614232,0.02200780869461596,0.008823925689205456,0.07819715375676937,0.2463421992957592,0.11968952105627967,4.4437748299690885,70.33221206665038,6.801696168320034
8,A4_int4,10,0.07692709156777577,0.869189453125,0.11774554831802414,0.0050401548433867726,0.02560446197167039,0.007714522719469552,0.07616409442505377,0.309231173992157,0.1165776955485517,4.03504183697998,70.38668823242188,6.176084444357113
9,A4_int4,10,0.06247276375950805,0.88681640625,0.09562157718292048,0.0035234027665967554,0.023131459951400757,0.00539296341826034,0.058939842175723185,0.34528625905513766,0.09021404414651508,4.529672235836123,69.07155380249023,6.933171789545088
10,A4_int4,10,0.07158750125947251,0.89833984375,0.1095727060093967,0.0064941400907717875,0.027363978815265,0.009940010343018042,0.07672436798592953,0.33119393736124036,0.11743525712132073,3.6049479300828855,70.35647811889649,5.517777444004417
11,A4_int4,10,0.06811065891206337,0.90458984375,0.10425100853887251,0.006269943434844981,0.029405652242712677,0.009596852196191299,0.08741943373233703,0.3780898883938789,0.13380525571276075,4.548471113236891,69.37197265625,6.961945581485038
12,A4_int4,10,0.0670013318411828,0.887890625,0.10255305894058592,0.006672571364106982,0.029002102883532645,0.010213119434857627,0.06709399812597429,0.42342935502529144,0.10269489509077696,3.5414580695860383,68.33521881103516,5.420599086101079
13,A4_int4,10,0.060128817825903846,0.894921875,0.09203390483556713,0.009598602005936489,0.030803744331933558,0.014691737764188504,0.08099019175118917,0.41599220782518387,0.12396457921100384,5.667107541922864,67.88180541992188,8.67414419682071
14,A4_int4,10,0.06396066571185896,0.895947265625,0.09789897813039639,0.007464588102296977,0.03062278749421239,0.011425389952495374,0.0820547489910797,0.43387536257505416,0.12559400355777509,3.9453052157633723,69.04342269897461,6.038732473107203
15,A4_int4,10,0.0633016671104321,0.89697265625,0.09689030680168179,0.006053563353257259,0.028226440073922276,0.009265658193761113,0.07883331306521243,0.44100395441055296,0.12066323428348841,3.787830442892177,70.07788734436035,5.797699657488027
16,A4_int4,10,0.061670819491521096,0.892626953125,0.09439411146661392,0.007568242669958852,0.02778266095556319,0.011584044902998244,0.07649665271934153,0.4490214020013809,0.11708671334593092,3.7214416783564888,70.40564346313477,5.696084201566055
17,A4_int4,10,0.06274295869374241,0.890771484375,0.096035140857769,0.006668615688519661,0.027476390218362214,0.010207064829366829,0.07643046754271887,0.4567581370472908,0.11698540950416154,4.38674008155978,69.16918487548828,6.714398084020072
18,A4_int4,10,0.05524980446621225,0.8876953125,0.08456602724420242,0.008100674874704502,0.026256084628403186,0.012398992155159952,0.06804241063996885,0.48845718801021576,0.10414654689791153,4.777204653802475,67.95524291992187,7.312047939493585
19,A4_int4,10,0.05896227339844189,0.89140625,0.09024837765067636,0.010524817859123575,0.03288063034415245,0.016109415090495266,0.07235977991825669,0.5029148101806641,0.11075476518100513,5.957502104753251,67.14263153076172,9.118625670540691
20,A4_int4,10,0.06698754649722925,0.908251953125,0.1025319589243305,0.007798000576670162,0.031673942040652034,0.011935715168372699,0.0601849569091382,0.5096421927213669,0.09211983200378297,5.214409500631735,67.36372413635254,7.981239031579187
0,A4_int2,10,0.0594795242681849,0.90009765625,0.09104008816558913,0.00823762455019115,0.02797043912578374,0.012608609005394619,0.003772539729618558,0.01467744461260736,0.005774295504518202,4.039489802939663,70.57880325317383,6.182892555519892
1,A4_int2,10,0.054524134573757814,0.89580078125,0.08345530802105788,0.007884492229010588,0.03401835076510906,0.01206810035052641,0.04984481427086959,0.23083105385303498,0.07629308306765754,7.526835270910369,64.15995597839355,11.520666230985261
2,A4_int2,10,0.06076259999718105,0.860546875,0.093003979587522,0.008384537759902961,0.035295141488313676,0.012833476163116777,0.06695829052709465,0.3440702870488167,0.10248717937820612,7.211824258506834,62.07758674621582,11.038506518122704
3,A4_int2,10,0.06792202253695927,0.885302734375,0.10396227939330502,0.008220046514603492,0.035804455354809764,0.012581703848882898,0.06582219046399129,0.41343095898628235,0.10074825071019076,7.421660173355007,59.1414909362793,11.359683938808685
4,A4_int2,10,0.0631016474032348,0.847265625,0.0965841541886247,0.009706107028733275,0.040204571839421985,0.0148562862684693,0.06270919380555863,0.47090508937835696,0.09598345990646731,6.777401519014252,55.953195571899414,10.373573753593245
5,A4_int2,10,0.07068684181081589,0.786767578125,0.10819414562879984,0.008530131234832601,0.04121024841442704,0.01305632331862133,0.050388745915030994,0.5103238373994827,0.07712563150259846,6.323057079481544,49.66491889953613,9.678148591043183
6,A4_int2,10,0.03779103551615875,0.699609375,0.05784342170840625,0.009597366059204616,0.04340521106496453,0.014689846008986658,0.03670774618547467,0.5447891861200332,0.05618532579409389,5.956219477255813,42.95035533905029,9.116662465187469
7,A4_int2,10,0.0490164981194497,0.672119140625,0.07502525222364749,0.009624966908462049,0.04886927949264645,0.014732092206829668,0.027579624691014833,0.5806343972682952,0.0422137112617574,5.091237700402294,37.31321220397949,7.792710765921878
8,A4_int2,10,0.05730332887635723,0.61923828125,0.0877091768515672,0.008611925803539531,0.04743451233953237,0.013181519087050305,0.024232501692883386,0.6207464277744293,0.03709056381563784,4.493844454541632,32.89323348999024,6.878333348788213
9,A4_int2,10,0.0552196250030153,0.62431640625,0.08451983418828873,0.008128795214342914,0.04386638384312391,0.012442033491341199,0.02287422430569084,0.6283996164798736,0.03501156781483292,5.337497550127617,33.55246467590332,8.169639107338192
10,A4_int2,10,0.06139677661645317,0.626904296875,0.09397465808640793,0.01802560254625705,0.06980031942948699,0.027590207978964876,0.020589062193762185,0.631546139717102,0.031513870704738045,3.9004771397554188,34.3436164855957,5.970118071054213
11,A4_int2,10,0.07193385861561191,0.6228271484375,0.11010284481981415,0.023883532043538207,0.07531227124854922,0.03655642659725236,0.02032471726841579,0.6512455880641937,0.03110926112512621,3.0674233226109204,30.689018630981444,4.695035697873858
12,A4_int2,10,0.06234975963873522,0.606884765625,0.0954333055694927,0.014989628236270433,0.07292373739182949,0.022943308524903724,0.01808958048553177,0.6636807203292847,0.0276881333962221,6.069163776688417,28.08644323348999,9.289536392890435
13,A4_int2,10,0.05735598813328637,0.669873046875,0.08778977775503015,0.02003148421188679,0.0714845135807991,0.030660435018194074,0.027653686219444987,0.6395323038101196,0.04232707074404845,5.480413508064263,31.822474670410156,8.388388022547343
14,A4_int2,10,0.05832858376558602,0.575732421875,0.08927844453916228,0.02197132685480009,0.08287365790456533,0.033629581920612384,0.02425768368621006,0.6915385246276855,0.03712910768297459,4.823348223930859,28.687299919128417,7.382675852955397
15,A4_int2,10,0.05570474543176998,0.597509765625,0.0852623654567908,0.021108582940240508,0.07891552075743676,0.03230905552077629,0.024651446834965077,0.6947301506996155,0.03773180638004859,4.467682618913948,27.983652687072755,6.838289722827471
16,A4_int2,10,0.05346736399765817,0.553173828125,0.08183780203723189,0.02005953148394072,0.08119685426354409,0.0307033645162358,0.025533084636941338,0.7377602696418762,0.03908125199531838,5.187225310698698,24.647624015808105,7.93963057760005
17,A4_int2,10,0.04505443644881335,0.55439453125,0.06896087211553063,0.016585819668784547,0.07634844016283751,0.025386458676711045,0.025608168837684533,0.7420448243618012,0.03919617679237429,4.361220268716975,24.46192874908447,6.675337145995371
18,A4_int2,10,0.04998386288377524,0.54970703125,0.076505912577207,0.02199175263973224,0.08819880969822406,0.03366084587714119,0.02392274496017527,0.7636358380317688,0.03661644636761521,5.0602372615336,25.013858699798583,7.745261114592246
19,A4_int2,10,0.04940346760816785,0.647021484375,0.0756175524614814,0.015595390490601733,0.06000059591606259,0.023870495648880205,0.01971961077667285,0.7073755502700806,0.03018307771939722,5.530833700377939,31.27575626373291,8.465561786292765
20,A4_int2,10,0.051167719512279886,0.559326171875,0.07831793802899983,0.01993315243591759,0.08948087207973003,0.030509927197833048,0.021687495747670323,0.7546092748641968,0.03319514655255662,5.692774080242321,27.180932426452635,8.713429714656616
0,A5_bf16,10,0.0580958172131276,0.90478515625,0.08892216920376673,0.00821035827213023,0.02805625945329666,0.012566874906321784,0.0,0.0,0.0,4.252392030868857,70.59945030212403,6.508763312554374
1,A5_bf16,10,0.057482357650473874,0.905810546875,0.0879832004854192,0.006812553406447944,0.025134254014119506,0.010427377662930526,0.0,0.0,0.0,4.353533787181819,69.99124946594239,6.663572123237479
2,A5_bf16,10,0.05692802336377083,0.900830078125,0.08713472963842475,0.010292669094365242,0.03230006322264671,0.01575408534851823,0.0,0.0,0.0,4.405650698389205,69.77293853759765,6.743342905697763
3,A5_bf16,10,0.05690502053928067,0.8951171875,0.08709952123359287,0.011073769444970226,0.02930023700464517,0.01694964710964831,0.0,0.0,0.0,4.667740633797756,70.11729888916015,7.1445009700986075
4,A5_bf16,10,0.06542140682727039,0.89794921875,0.10013480636827103,0.012990298089406669,0.0281538397539407,0.019883109320520412,0.0016593336394117896,0.0028122222749516366,0.00253979638685478,4.60078481681107,70.98554649353028,7.042017576751639
5,A5_bf16,10,0.0612658570850113,0.892529296875,0.09377427104848668,0.006366440641838623,0.02063590120524168,0.009744552002814218,0.003381919660178019,0.009976752521470188,0.0051764076431296225,4.110504156389221,71.73315620422363,6.291587994473299
6,A5_bf16,10,0.057063999809507215,0.8955078125,0.08734285685128657,0.008041468166331904,0.024071471579372884,0.012308369642344753,0.003912040782194567,0.01190923184622079,0.005987817523767196,3.3775683574842357,71.7563320159912,5.169747485945259
7,A5_bf16,10,0.05766188069514122,0.896337890625,0.0882579806558284,0.0075176512963968595,0.021817818749696016,0.011506609127138051,0.02447676929303223,0.07431326247751713,0.0374644427954575,3.7823892887573503,71.54268379211426,5.789371360342884
8,A5_bf16,10,0.05913535081488928,0.893017578125,0.09051329206360605,0.009296213193485845,0.024685834161937238,0.014228897745131397,0.055639175395762824,0.14173980727791785,0.08516200315677984,4.292695804786274,71.59196472167969,6.570452762427972
9,A5_bf16,10,0.06499707872722058,0.863134765625,0.09948532458248048,0.006794383159314643,0.029075305024161936,0.010399566060175475,0.07168338111963199,0.2777942314743996,0.1097194608973959,3.5788958633774675,71.03086204528809,5.477901831700206
10,A5_bf16,10,0.06523516543581437,0.883251953125,0.09984974301400158,0.011325713361116874,0.030046168761327863,0.017335275552729915,0.09312850857677503,0.2960500054061413,0.1425436355766965,3.5687722156304025,71.70114440917969,5.4624064524955145
11,A5_bf16,10,0.06507425453793698,0.880126953125,0.09960345082337295,0.00814796984820536,0.028436589194461702,0.012471382420722491,0.09612202581785362,0.3123257301747799,0.14712554972120456,2.821827899963382,72.33759689331055,4.319124336678646
12,A5_bf16,10,0.06157877003956949,0.888525390625,0.09425321944832066,0.009253881555368751,0.027712231618352234,0.014164104421482783,0.09335339689357623,0.32739175036549567,0.14288785238812687,3.712719748007665,72.03440208435059,5.682734308174998
13,A5_bf16,10,0.05607567971593731,0.887890625,0.08583012201418977,0.013968433738071332,0.029880399419926106,0.021380255721537754,0.08681079586843402,0.3464325949549675,0.13287366714556229,3.2923548697149765,72.30041961669922,5.039318678135169
14,A5_bf16,10,0.06443713509042832,0.895703125,0.09862826799555356,0.010240464923381038,0.030499550816603004,0.015674181005175057,0.08545575919853925,0.3333749666810036,0.1307996314263356,3.053002316435076,72.26222076416016,4.672962729237361
15,A5_bf16,10,0.05501305731091615,0.893505859375,0.08420365914936147,0.0061607607600367275,0.0251466894056648,0.009429735857199074,0.07473051669055719,0.3492979571223259,0.11438344391411816,3.822577184617271,72.10615844726563,5.850883445842763
16,A5_bf16,10,0.0566571930128094,0.884912109375,0.08672019338695318,0.008274089154849383,0.025493390718474986,0.012664422175789874,0.07647454195070792,0.3566329836845398,0.11705287033271622,3.5981873781745612,72.13737030029297,5.507429660471267
17,A5_bf16,10,0.054126818059859964,0.882080078125,0.08284717049978567,0.010928871489049849,0.02656102613545954,0.016727864524055894,0.07544696761461821,0.36362296938896177,0.11548005247135443,3.8106034925927945,71.80055656433106,5.8325563662134625
18,A5_bf16,10,0.05576992803956758,0.881689453125,0.08536213475444018,0.010875003522973329,0.027421449427492917,0.01664541355557142,0.0782818257572124,0.38454068154096605,0.11981912105695777,3.5556965123649404,72.22426986694336,5.442392620966746
19,A5_bf16,10,0.05292948117224161,0.890185546875,0.08101451199832899,0.01491176627652954,0.03004762502387166,0.022824132055912563,0.08309835559078473,0.4197070777416229,0.1271913605981399,3.7778520333857055,71.75256004333497,5.782426581712816
20,A5_bf16,10,0.055702361261102666,0.8828125,0.08525871621597347,0.01134119541929793,0.02737837643362582,0.01735897258055806,0.07429085477821527,0.4318178862333298,0.11371049200747237,3.472700528585882,71.36918220520019,5.315357951917166
0,A5_ctrl,10,0.06022926804701036,0.9068359375,0.09218765517399546,0.008067592458831698,0.02788126494269818,0.012348355804334233,0.012192185732536765,0.036769429501146075,0.01866150877429097,4.234682665842558,70.88053894042969,6.481657141595752
1,A5_ctrl,10,0.057526176431986445,0.900244140625,0.08805027004895885,0.0068649440444062204,0.024906201288104057,0.010507567414907482,0.014032444625415332,0.05466766618192196,0.021478231569513263,4.065699817292404,69.92277755737305,6.22300992442715
2,A5_ctrl,10,0.05920545426307618,0.907568359375,0.09062059325981049,0.011476508631533131,0.03298110514879227,0.017566084640101735,0.033465668781933314,0.09363829623907804,0.0512229624213265,4.249633277588191,70.29984970092774,6.504540731002334
3,A5_ctrl,10,0.05779289946172881,0.904052734375,0.0884585195842788,0.009438418963003375,0.028152190358377994,0.014446559637250066,0.03772694844454347,0.1069592371582985,0.057745329251852245,4.595566592602268,70.5354606628418,7.034030498881023
4,A5_ctrl,10,0.06680925871097271,0.898486328125,0.10225906945557049,0.012485488811123097,0.028048397856764495,0.019110442057841476,0.05002696781673857,0.1272161900997162,0.07657188951541617,3.833912487588263,70.94327507019042,5.8682333993697915
5,A5_ctrl,10,0.061624489927212076,0.90126953125,0.09432319886818175,0.007370676768684902,0.02103455534670502,0.011281648115334032,0.0614255055785257,0.14418414793908596,0.09401863098753935,3.876685325325397,71.45376510620117,5.933702028559281
6,A5_ctrl,10,0.058231627033916405,0.90498046875,0.08913004137844348,0.006762672056678417,0.022457668883726002,0.010351028658181253,0.06810466595600521,0.15887130293995141,0.10424183564694675,3.5054633099369843,71.52841110229492,5.365505066230078
7,A5_ctrl,10,0.0606316287022865,0.904150390625,0.09280351331982628,0.00964075477449684,0.023655541241168976,0.014756257307903326,0.05788386445512386,0.1872621901333332,0.08859775171702632,3.8102835286715413,71.56149444580078,5.832066625517666
8,A5_ctrl,10,0.06070610649721795,0.891455078125,0.09291750994472135,0.009116281531754915,0.025102738477289676,0.013953492140441198,0.058898209396194716,0.19699438214302062,0.09015032050437967,3.6954492964345333,72.26754951477051,5.656299943522246
9,A5_ctrl,10,0.06587496358221802,0.87265625,0.10082902589115003,0.010232329164322233,0.031666298815980556,0.015661728312738113,0.05603144940132225,0.31012622714042665,0.08576242255304427,3.053257848361339,71.06715393066406,4.673353849532661
10,A5_ctrl,10,0.0606576643891397,0.88017578125,0.09284336386092813,0.012753914502749413,0.028203907841816544,0.01952129770828992,0.08880222188025552,0.3000025250017643,0.1359217681840646,3.552957150110696,71.49987449645997,5.438199719557187
11,A5_ctrl,10,0.06669655690556434,0.88359375,0.10208656669219032,0.013840474363884575,0.03281310955062509,0.021184399536558027,0.09315259095139564,0.3127212390303612,0.142580496354177,4.546383721440017,71.18396186828613,6.9587505940408425
12,A5_ctrl,10,0.06376382251225408,0.873828125,0.09759768751875625,0.006685785620051567,0.02457331116311252,0.010233345336813623,0.08639073119446866,0.32169758453965186,0.13223071101194184,4.069245302387322,71.71940460205079,6.228436687327534
13,A5_ctrl,10,0.0619662440572346,0.89013671875,0.09484629192433869,0.013131189096822008,0.02898882927838713,0.02009875882166634,0.07500871506507868,0.32739821821451187,0.11480925775267146,3.2764306303907182,72.07384567260742,5.014944842434773
14,A5_ctrl,10,0.0566952865881111,0.8962890625,0.0867784998797619,0.009802672401956411,0.030076237069442867,0.015004090411157774,0.07377213716405076,0.32382663935422895,0.11291653647558791,3.3787237196855475,72.29173774719239,5.171515897477878
15,A5_ctrl,10,0.05541243077201218,0.8927734375,0.08481494505920233,0.011989796531483377,0.03082384648732841,0.018351729384923535,0.07173694356336315,0.3388585478067398,0.10980144422963747,3.332899101587933,72.33816833496094,5.101376175899898
16,A5_ctrl,10,0.05664738491225392,0.898974609375,0.08670518098814377,0.008867707680014913,0.02425664132460952,0.0135730219592065,0.0747896276240691,0.3527382969856262,0.11447391983275881,3.2601011521636343,71.64262962341309,4.989950743107604
17,A5_ctrl,10,0.05827932667903798,0.893798828125,0.08920305103934384,0.011381876973468435,0.026737397955730557,0.01742124026551291,0.07826712612627341,0.37016903012990954,0.11979662162184707,4.230287928363892,71.68376388549805,6.474930502597794
18,A5_ctrl,10,0.05717763159816766,0.898046875,0.0875167830584199,0.009154720341364796,0.02518510166555643,0.014012327053109383,0.0753278579711389,0.3792583018541336,0.11529774179255957,2.9976396953870137,72.46834945678711,4.588224023551552
19,A5_ctrl,10,0.061278978232073275,0.903369140625,0.09379435443684686,0.013993699323144766,0.03007065092679113,0.021418927535425666,0.07458223888654276,0.4036817759275436,0.11415648809164711,3.2881033681140863,71.94927101135254,5.032811277725642
20,A5_ctrl,10,0.06514065384126437,0.883642578125,0.09970508241009854,0.008530728449295482,0.02635385519824922,0.013057237422391049,0.06582655821883415,0.4184327185153961,0.10075493604923594,3.940555794128334,70.8779426574707,6.031462950196431
0,A5_int4,10,0.05906756765971514,0.90517578125,0.09040954233629869,0.008252717785211264,0.027890202205162494,0.012631710895731526,0.003595021994828983,0.012975804880261422,0.00550258468596273,4.243840158761884,70.64398727416992,6.495673712390639
1,A5_int4,10,0.06141083095159864,0.907470703125,0.09399616982387547,0.0067813522786476475,0.025570300151593985,0.010379620834664769,0.006941680517702764,0.03253681706264615,0.010625021200565457,4.231554827455897,69.58202514648437,6.4768696338610665
2,A5_int4,10,0.06150865811583205,0.900537109375,0.0941459052793348,0.011311503650417002,0.033877208130434155,0.01731352599553623,0.020834416028935966,0.05475074704736471,0.03188941228918771,4.7062182837396636,69.44872589111328,7.203395332254588
3,A5_int4,10,0.060091808523792624,0.89326171875,0.09197725794458056,0.010992740733524253,0.029970866814255714,0.016825623571720797,0.03656675954957853,0.08423123247921467,0.055969529922824286,5.331194987284699,69.54988403320313,8.159992327476582
4,A5_int4,10,0.0648073489100934,0.896337890625,0.09919492180116338,0.014577688192200655,0.030734256491996348,0.022312788049286717,0.040181742110069925,0.10910406596958637,0.06150266649500501,5.935898039468017,69.68674545288086,9.085558223675537
5,A5_int4,10,0.06126768424856697,0.898876953125,0.09377706772739842,0.006534182257001418,0.022754163877107204,0.010001299372961356,0.05580743527467614,0.14381223246455194,0.0854195437877696,3.728996366903749,71.10950660705566,5.7076475003628815
6,A5_int4,10,0.05767228386188944,0.89501953125,0.08827390387023895,0.006943446483749426,0.02416980832349509,0.010627724209820551,0.06348810010200544,0.17561697587370872,0.09717566342143692,4.3059744905387465,70.46238403320312,6.590777281436857
7,A5_int4,10,0.06209090121779588,0.88857421875,0.09503709370070798,0.00902763999088317,0.025740213296376168,0.01381781631257628,0.0653839403855793,0.2175438717007637,0.1000774597738459,4.72287869148573,69.76725463867187,7.22889595635571
8,A5_int4,10,0.06058652854514719,0.887646484375,0.09273448246706205,0.009904784172861373,0.028039666754193605,0.01516038393805312,0.06516475910239299,0.25904483571648595,0.09974197821794845,4.357214016124291,68.90425682067871,6.669205126720855
9,A5_int4,10,0.059788620463362654,0.868701171875,0.09151319458677958,0.00604381666399815,0.02611957713961601,0.009250739791833903,0.06090743069838742,0.35114674270153046,0.09322565923222566,5.064748409550189,65.69134254455567,7.752165932984983
10,A5_int4,10,0.07024125482406259,0.87978515625,0.10751212473070806,0.00944362757662039,0.030644094152376056,0.014454532005031209,0.0782639458628985,0.3181833550333977,0.11979175387178345,6.509346745612981,68.18140335083008,9.963285835121912
11,A5_int4,10,0.06352044544829281,0.88994140625,0.09722517160452983,0.006895601923208337,0.02863208975177258,0.010554492739604598,0.08045324569944688,0.33371190875768664,0.1231427230093575,6.893263433935929,67.16971740722656,10.550913419289689
12,A5_int4,10,0.06180759110012156,0.88056640625,0.09460345576549219,0.00768346026814984,0.026738253864459695,0.011760398369617104,0.07603330929667793,0.3513110026717186,0.1163775142296091,5.839409533807089,68.38985290527344,8.937871735419016
13,A5_int4,10,0.06385916066722962,0.90185546875,0.09774361326616779,0.009954657955722335,0.02880297733936459,0.015236721360799493,0.08007028542372353,0.3784041702747345,0.12255655932202582,6.343402192051294,67.58023262023926,9.709289069466266
14,A5_int4,10,0.05609670054433554,0.895361328125,0.085862296751534,0.015226340858798202,0.03531573028303683,0.023305623763466638,0.08521949443654231,0.38005280047655104,0.1304380016885852,6.738795391592231,67.55312805175781,10.314482742233007
15,A5_int4,10,0.05711149859802035,0.881884765625,0.08741555907860259,0.006231776705773732,0.02846379200927913,0.009538433733327141,0.06545230270635904,0.41782500594854355,0.10018209597912098,6.976822066134158,65.7775779724121,10.678809284899222
16,A5_int4,10,0.06878933540274218,0.886376953125,0.10528979908582989,0.00889465193263308,0.026842530397698284,0.013614263162193491,0.07925510230028603,0.42862641215324404,0.12130883005145822,7.199858966466892,67.0274673461914,11.02019229561259
17,A5_int4,10,0.06587209007854272,0.8859375,0.10082462767123886,0.010458882912456832,0.027826598030515015,0.01600849425376046,0.07982502761670712,0.44229213893413544,0.12218116471944969,6.980085057588555,66.65622825622559,10.683803659574322
18,A5_int4,10,0.06977845893042801,0.897607421875,0.10680376366902249,0.008173055224520432,0.02860061645042151,0.012509778404878213,0.07955028221386788,0.45094292759895327,0.1217606360416345,6.699069685847954,66.43345565795899,10.253678090583604
19,A5_int4,10,0.058262246292152216,0.887744140625,0.08917690759002891,0.0101021752054653,0.029789472045376898,0.015462513069589746,0.07718416366091557,0.4807319432497025,0.11813902601160549,5.896243107863339,66.34148941040038,9.024861899790825
20,A5_int4,10,0.06352140671556852,0.90693359375,0.09722664293199264,0.009147960612931738,0.028973884508013727,0.014001980529997559,0.0676215061097973,0.483874574303627,0.1035023052700979,7.630240531671511,65.10380935668945,11.67893958929313
0,A5_int2,10,0.0594795242681849,0.90009765625,0.09104008816558913,0.00823762455019115,0.02797043912578374,0.012608609005394619,0.003772539729618558,0.01467744461260736,0.005774295504518202,4.039489802939663,70.57880325317383,6.182892555519892
1,A5_int2,10,0.05395322557622802,0.895458984375,0.08258146771871636,0.007911331501428415,0.03401770857162774,0.012109180869533288,0.04990797780550821,0.2308761805295944,0.07638976194720644,7.544477166759964,64.16338310241699,11.547669132795864
2,A5_int2,10,0.06282659696900561,0.858251953125,0.09616315862602899,0.008510283396836998,0.03532935329712927,0.013025943974750508,0.06707002765509032,0.34309055656194687,0.10265820559452603,7.289748750786916,62.068716049194336,11.157778700184055
3,A5_int2,10,0.06641503446353106,0.876123046875,0.10165566499520062,0.00812342030333301,0.035845027398318054,0.012433806586734202,0.06550650450982465,0.4127490550279617,0.10026505792320099,7.159542016445194,59.46840858459473,10.958482678232441
4,A5_int2,10,0.06538312858130058,0.87353515625,0.1000762172162764,0.009353742331712352,0.0359065598808229,0.014316952548539317,0.06799828200672127,0.45438664555549624,0.10407900307151216,6.393496379932523,58.494475555419925,9.785963846835495
5,A5_int2,10,0.07612511022177325,0.86904296875,0.11651802584965294,0.00735634458731137,0.03354301135987044,0.011259711103027608,0.06226925645424635,0.4772681534290314,0.09531008640956073,6.360401150107959,55.88733596801758,9.735307882818306
6,A5_int2,10,0.062166454614817956,0.845556640625,0.09515273665533361,0.008136649241021093,0.033499411679804324,0.01245405496074657,0.05393799107463332,0.49212828278541565,0.08255814960403059,6.334239086515762,54.93414039611817,9.69526390793229
7,A5_int2,10,0.053667223941286875,0.819140625,0.08214371011421462,0.009361043540301935,0.04212356815114617,0.014328127867809086,0.051362816460219694,0.5195062220096588,0.07861655580645872,6.667359140047922,50.85904769897461,10.205141540889677
8,A5_int2,10,0.05815692013292892,0.73193359375,0.08901569408101366,0.007512154171290502,0.04204090004786849,0.011498195160138525,0.04255385388448893,0.5573620706796646,0.06513344982319735,6.219926342819976,45.79015483856201,9.520295422683638
9,A5_int2,10,0.04224998816214752,0.68125,0.06466834922777683,0.008334402358182736,0.03737930823117495,0.012756738303340924,0.03630634897649474,0.585671329498291,0.055570942310961345,4.783364275491359,38.88307285308838,7.32147593187453
10,A5_int2,10,0.07616229891339801,0.652978515625,0.11657494731642555,0.009918742812473172,0.044143824838101864,0.01518174920276506,0.033668562674539285,0.584419333934784,0.05153351429776421,6.662862247993433,39.45653476715088,10.198258542847094
11,A5_int2,10,0.06109365149726092,0.639453125,0.09351069106723611,0.01373093443659499,0.05627400912344456,0.02101673638254335,0.02920798691261065,0.5977764308452607,0.0447061024172612,4.624238397529893,36.33734073638916,7.077915914586572
12,A5_int2,10,0.05666347262880194,0.6223876953125,0.08672980504408462,0.015099248352208428,0.05968195693567395,0.023111094416645554,0.02477410436892657,0.6243443191051483,0.03791954750345904,4.409348344679906,30.848728942871094,6.7490025683876125
13,A5_int2,10,0.060845851610893203,0.6144775390625,0.09313140552687735,0.015058524741679078,0.060009409487247464,0.023048762359712878,0.025627511958373744,0.6330606937408447,0.03922578360975573,3.413032338128755,29.09314136505127,5.224029088972585
14,A5_int2,10,0.058159203681823056,0.6158203125,0.08901918930891285,0.016465468523876127,0.06258193980902434,0.02520224774062673,0.022802194894453644,0.6467954099178315,0.03490131871600048,4.466387798832406,28.148371505737305,6.836307855355723
15,A5_int2,10,0.04463232773931689,0.5958984375,0.06831478735609728,0.02042597588502786,0.07522581163793803,0.03126424880361407,0.018374515442230725,0.673599100112915,0.02812425832994499,4.669400583958354,27.341333961486818,7.147041710140338
16,A5_int2,10,0.05686177008232039,0.575537109375,0.08703332155457204,0.024230911580017524,0.07887811623513699,0.03708812996941458,0.016576549417793865,0.6947272896766663,0.025372269517031427,4.7669193346067695,24.349047660827637,7.296305103989955
17,A5_int2,10,0.05326251501969319,0.5620849609375,0.08152425768320386,0.025528248217075,0.08608026197180152,0.0390738493118495,0.018405267432793766,0.7200819611549377,0.028171327703255766,4.96633865977371,24.227599334716796,7.601538764959761
18,A5_int2,10,0.051427655319938585,0.576171875,0.07871579895908967,0.02393221789086593,0.0850289267487824,0.03663094575132541,0.018889449052365743,0.7382775664329528,0.028912422018927162,4.129872644224609,21.011545753479005,6.321233639119301
19,A5_int2,10,0.046081228602508004,0.5921875,0.07053249275894082,0.022275521721749597,0.073492132127285,0.03409518630880041,0.016559326613611883,0.739700847864151,0.02534590808205901,3.1887489296237237,20.424065685272218,4.8807381575873325
20,A5_int2,10,0.04778324816545077,0.5852783203125,0.07313762474303691,0.018246470982094334,0.061050766706466676,0.02792827191136888,0.018420751097356372,0.7443337440490723,0.028195027189831183,3.6932625573538025,20.434327125549316,5.652952893908881
